Datum;Erster;Hoch;Tief;Schlusskurs;Stuecke;Volumen
2018-12-28;3,4804;3,4883;3,2772;3,3047;;
2018-12-27;3,4039;3,5414;3,3179;3,4772;;
2018-12-21;3,6215;3,7505;3,4814;3,6503;;
2018-12-20;3,6685;3,7557;3,4998;3,6366;;
2018-12-19;3,7639;3,8128;3,443;3,6578;;
2018-12-18;3,5252;3,7722;3,4345;3,7363;;
2018-12-17;3,6202;3,6522;3,4285;3,5267;;
2018-12-14;4,0259;4,0502;3,7564;3,7932;;
2018-12-13;4,0843;4,1905;3,9445;4,1401;;
2018-12-12;4,3932;4,4024;4,0248;4,1123;;
2018-12-11;4,5267;4,5912;4,159;4,3769;;
2018-12-10;4,5814;4,621;4,2985;4,5235;;
2018-12-07;4,2732;4,5337;4,091;4,5162;;
2018-12-06;4,4789;4,4833;4,1212;4,3788;;
2018-12-05;4,5938;4,5938;4,2121;4,4536;;
2018-12-04;4,4121;4,4952;4,1331;4,4952;;
2018-12-03;4,4981;4,531;4,0783;4,3527;;
2018-11-30;4,6421;4,6746;4,2637;4,3234;;
2018-11-29;4,6059;4,6574;4,2811;4,5882;;
2018-11-28;4,2427;4,7139;4,056;4,6724;;
2018-11-27;4,1431;4,342;3,9691;4,2096;;
2018-11-26;4,1346;4,3021;3,9261;4,2552;;
2018-11-23;4,259;4,53;4,0493;4,0493;;
2018-11-22;4,5334;4,5402;3,874;3,874;;
2018-11-21;4,6602;4,8289;4,3106;4,4945;;
2018-11-20;4,4668;4,5959;4,1642;4,5439;;
2018-11-19;4,643;4,7757;4,4405;4,5876;;
2018-11-16;4,0295;4,3828;3,9337;4,3624;;
2018-11-15;4,7169;4,744;3,961;4,0393;;
2018-11-14;4,0774;4,8946;4,0707;4,8725;;
2018-11-13;3,968;4,12;3,9344;4,0924;;
2018-11-12;3,7853;3,9046;3,7433;3,893;;
2018-11-09;3,5833;3,8127;3,5664;3,734;;
2018-11-08;3,5331;3,5795;3,4901;3,5527;;
2018-11-07;3,5386;3,5642;3,4908;3,552;;
2018-11-06;3,5441;3,577;3,5049;3,5418;;
2018-11-05;3,4553;3,576;3,4401;3,5633;;
2018-11-02;3,2606;3,3103;3,1623;3,2809;;
2018-11-01;3,2733;3,3078;3,2135;3,2482;;
2018-10-31;3,2411;3,3026;3,2055;3,2832;;
2018-10-30;3,2181;3,269;3,1456;3,2074;;
2018-10-29;3,1747;3,2079;3,1465;3,1814;;
2018-10-26;3,2147;3,2541;3,1446;3,2519;;
2018-10-25;3,2307;3,2785;3,2026;3,2347;;
2018-10-24;3,2413;3,3039;3,2108;3,2462;;
2018-10-23;3,2057;3,2885;3,1457;3,2652;;
2018-10-22;3,2181;3,2726;3,1249;3,1383;;
2018-10-19;3,2545;3,278;3,1774;3,2408;;
2018-10-18;3,305;3,3225;3,1951;3,2323;;
2018-10-17;3,2634;3,3429;3,2564;3,3405;;
2018-10-16;3,2931;3,3267;3,2327;3,2453;;
2018-10-15;3,2075;3,2889;3,1768;3,2576;;
2018-10-12;3,2416;3,3007;3,1461;3,1567;;
2018-10-11;3,2435;3,2919;3,1786;3,2264;;
2018-10-10;3,3287;3,3789;3,2484;3,2587;;
2018-10-09;3,2926;3,3685;3,2479;3,2824;;
2018-10-08;3,2053;3,3034;3,1731;3,2808;;
2018-10-05;3,1935;3,2423;3,1298;3,1521;;
2018-10-04;3,2521;3,2825;3,1524;3,1873;;
2018-10-02;3,1271;3,2186;3,1128;3,1598;;
2018-10-01;3,0274;3,144;3,007;3,1059;;
2018-09-28;3,0463;3,092;2,9985;3,0008;;
2018-09-27;2,9665;3,1352;2,954;3,0541;;
2018-09-26;3,0459;3,1003;2,9676;2,9835;;
2018-09-25;3,041;3,0929;3,0205;3,0466;;
2018-09-24;2,968;3,0687;2,9487;3,0368;;
2018-09-21;2,9643;3,0129;2,9348;2,9797;;
2018-09-20;2,8925;3,0015;2,8786;2,9534;;
2018-09-19;2,9115;2,9459;2,8739;2,8739;;
2018-09-18;2,7922;2,9163;2,7866;2,8835;;
2018-09-17;2,771;2,8551;2,7488;2,8141;;
2018-09-14;2,8068;2,8628;2,7506;2,7658;;
2018-09-13;2,8082;2,8948;2,7944;2,8259;;
2018-09-12;2,8381;2,9037;2,8082;2,8202;;
2018-09-11;2,7974;2,8877;2,7921;2,8269;;
2018-09-10;2,7687;2,8529;2,752;2,7948;;
2018-09-07;2,7897;2,8672;2,761;2,7761;;
2018-09-06;2,774;2,8711;2,7527;2,7623;;
2018-09-05;2,8123;2,9071;2,7754;2,7931;;
2018-09-04;2,8686;2,9584;2,7844;2,8039;;
2018-09-03;2,8937;2,9701;2,866;2,9699;;
2018-08-31;2,8979;3,0111;2,8744;2,9146;;
2018-08-30;2,8766;2,9585;2,8592;2,88;;
2018-08-29;2,8586;2,9336;2,8317;2,8645;;
2018-08-28;2,8728;2,9742;2,8273;2,8414;;
2018-08-27;2,927;3,0122;2,8532;2,8663;;
2018-08-24;2,97;3,063;2,8886;2,8964;;
2018-08-23;2,9576;3,0644;2,9272;2,9665;;
2018-08-22;2,9809;3,0571;2,9364;2,9705;;
2018-08-21;2,9748;3,0609;2,9493;2,9903;;
2018-08-20;2,9073;2,9566;2,8774;2,9485;;
2018-08-17;2,9135;2,9621;2,9005;2,9492;;
2018-08-16;2,9326;2,9454;2,879;2,9122;;
2018-08-15;2,9607;2,9642;2,915;2,9362;;
2018-08-14;2,9312;2,9781;2,9055;2,9456;;
2018-08-13;2,919;2,9391;2,8888;2,9219;;
2018-08-10;2,9403;2,9516;2,8968;2,9347;;
2018-08-09;2,9522;2,9611;2,9209;2,9439;;
2018-08-08;2,8816;2,957;2,8687;2,9372;;
2018-08-07;2,8618;2,9085;2,8418;2,8861;;
2018-08-06;2,8311;2,8719;2,8085;2,8431;;
2018-08-03;2,8252;2,8671;2,8011;2,8401;;
2018-08-02;2,7389;2,8216;2,721;2,8043;;
2018-08-01;2,7856;2,7856;2,7334;2,749;;
2018-07-31;2,7888;2,8204;2,76;2,7797;;
2018-07-30;2,7763;2,817;2,7559;2,7954;;
2018-07-27;2,762;2,8045;2,7341;2,7721;;
2018-07-26;2,7631;2,775;2,7326;2,7534;;
2018-07-25;2,7449;2,7696;2,7067;2,7571;;
2018-07-24;2,6855;2,7345;2,6684;2,7174;;
2018-07-23;2,6999;2,7262;2,6774;2,6849;;
2018-07-20;2,7685;2,7685;2,7179;2,7256;;
2018-07-19;2,7178;2,7713;2,6591;2,7385;;
2018-07-18;2,7444;2,7457;2,6796;2,7053;;
2018-07-17;2,7783;2,7783;2,6974;2,7295;;
2018-07-16;2,7545;2,7729;2,7113;2,7518;;
2018-07-13;2,7898;2,8182;2,7244;2,7541;;
2018-07-12;2,8245;2,8245;2,7588;2,7909;;
2018-07-11;2,7859;2,842;2,7433;2,8258;;
2018-07-10;2,8088;2,8243;2,7639;2,7745;;
2018-07-09;2,8568;2,858;2,7842;2,8249;;
2018-07-06;2,8442;2,8595;2,7864;2,8536;;
2018-07-05;2,8249;2,8606;2,7988;2,8249;;
2018-07-04;2,8591;2,8812;2,7971;2,8545;;
2018-07-03;2,8536;2,8799;2,823;2,8642;;
2018-07-02;2,896;2,9132;2,828;2,8538;;
2018-06-29;2,9278;2,9331;2,8699;2,9173;;
2018-06-28;2,9663;3,0145;2,9097;2,9492;;
2018-06-27;2,9497;2,9922;2,9283;2,9763;;
2018-06-26;2,9272;2,944;2,8658;2,9348;;
2018-06-25;2,8975;2,9431;2,8656;2,9159;;
2018-06-22;2,9794;2,9877;2,8934;2,9396;;
2018-06-21;2,9764;2,9995;2,9253;2,9994;;
2018-06-20;2,9289;2,9831;2,8858;2,9722;;
2018-06-19;2,9373;2,9533;2,8673;2,9173;;
2018-06-18;3,0321;3,0499;2,9276;2,9695;;
2018-06-15;2,9796;3,044;2,9462;3,0396;;
2018-06-14;2,9469;2,9879;2,8935;2,9691;;
2018-06-13;2,9233;2,9856;2,8777;2,9553;;
2018-06-12;2,9639;2,9795;2,8841;2,9325;;
2018-06-11;2,9326;2,9548;2,9036;2,9493;;
2018-06-08;2,9059;2,9201;2,8533;2,9105;;
2018-06-07;2,91;2,9715;2,8835;2,9331;;
2018-06-06;2,9054;2,9134;2,8623;2,8997;;
2018-06-05;2,9135;2,9214;2,863;2,8888;;
2018-06-04;2,9617;2,9812;2,9166;2,9299;;
2018-06-01;2,9508;2,9962;2,9224;2,9743;;
2018-05-31;2,8914;2,9818;2,8752;2,9577;;
2018-05-30;2,8854;2,9092;2,8611;2,8964;;
2018-05-29;2,9733;2,9847;2,8558;2,9016;;
2018-05-28;2,9429;2,9966;2,9237;2,9664;;
2018-05-25;2,9571;2,9834;2,9367;2,961;;
2018-05-24;2,9603;2,991;2,928;2,9675;;
2018-05-23;2,8987;2,9746;2,8842;2,9715;;
2018-05-22;2,8105;2,9227;2,7931;2,9071;;
2018-05-18;2,8388;2,869;2,8204;2,8546;;
2018-05-17;2,819;2,8589;2,7709;2,8546;;
2018-05-16;2,8159;2,834;2,7802;2,8033;;
2018-05-15;2,8324;2,8575;2,8107;2,8575;;
2018-05-14;2,8063;2,8532;2,7884;2,8532;;
2018-05-11;2,806;2,8245;2,7792;2,8152;;
2018-05-10;2,7121;2,8254;2,696;2,8141;;
2018-05-09;2,7381;2,7522;2,7139;2,7416;;
2018-05-08;2,7321;2,7614;2,697;2,733;;
2018-05-07;2,7179;2,7676;2,6812;2,7362;;
2018-05-04;2,7329;2,7406;2,6894;2,7042;;
2018-05-03;2,7525;2,7632;2,6862;2,7203;;
2018-05-02;2,7901;2,8083;2,7286;2,76;;
2018-04-30;2,761;2,7765;2,7135;2,752;;
2018-04-27;2,8131;2,8294;2,7533;2,7726;;
2018-04-26;2,8021;2,842;2,7875;2,8326;;
2018-04-25;2,7991;2,8185;2,773;2,8014;;
2018-04-24;2,7514;2,8423;2,7416;2,809;;
2018-04-23;2,7502;2,7691;2,7195;2,7625;;
2018-04-20;2,6851;2,7608;2,6686;2,7426;;
2018-04-19;2,748;2,7642;2,6535;2,6642;;
2018-04-18;2,7296;2,7975;2,7176;2,7486;;
2018-04-17;2,7175;2,7715;2,7022;2,7377;;
2018-04-16;2,7397;2,7853;2,7208;2,7573;;
2018-04-13;2,6903;2,7608;2,6661;2,7321;;
2018-04-12;2,6513;2,7035;2,6387;2,6847;;
2018-04-11;2,6654;2,6959;2,6256;2,6642;;
2018-04-10;2,6981;2,727;2,6352;2,6654;;
2018-04-09;2,6785;2,7158;2,6478;2,7042;;
2018-04-06;2,6875;2,7381;2,67;2,7137;;
2018-04-05;2,6773;2,7249;2,6562;2,6927;;
2018-04-04;2,6991;2,7643;2,6817;2,7065;;
2018-04-03;2,6759;2,7261;2,662;2,7163;;
2018-03-29;2,7495;2,7772;2,7215;2,7351;;
2018-03-28;2,7033;2,749;2,6823;2,7136;;
2018-03-27;2,683;2,7406;2,6687;2,6928;;
2018-03-26;2,6353;2,6986;2,6082;2,6552;;
2018-03-23;2,6576;2,683;2,6167;2,6304;;
2018-03-22;2,6454;2,7107;2,5883;2,5883;;
2018-03-21;2,6838;2,7438;2,6288;2,6384;;
2018-03-20;2,6645;2,7409;2,6406;2,6804;;
2018-03-19;2,6884;2,7496;2,6565;2,6892;;
2018-03-16;2,682;2,7485;2,6635;2,7177;;
2018-03-15;2,7363;2,7842;2,6781;2,6955;;
2018-03-14;2,7699;2,791;2,708;2,7442;;
2018-03-13;2,7864;2,842;2,7759;2,8123;;
2018-03-12;2,7261;2,8377;2,72;2,791;;
2018-03-09;2,7296;2,7871;2,7041;2,7466;;
2018-03-08;2,7767;2,8384;2,7445;2,7659;;
2018-03-07;2,7595;2,8231;2,7424;2,8148;;
2018-03-06;2,7148;2,7978;2,6934;2,7531;;
2018-03-05;2,6775;2,7572;2,6735;2,7182;;
2018-03-02;2,6843;2,753;2,6731;2,7241;;
2018-03-01;2,6533;2,7411;2,6424;2,6869;;
2018-02-28;2,6693;2,7233;2,6511;2,6854;;
2018-02-27;2,6728;2,7229;2,6556;2,6934;;
2018-02-26;2,6914;2,7479;2,6627;2,6801;;
2018-02-23;2,6442;2,693;2,6172;2,6705;;
2018-02-22;2,6509;2,7128;2,6294;2,6809;;
2018-02-21;2,6246;2,7073;2,5983;2,6807;;
2018-02-20;2,6308;2,6476;2,6015;2,6363;;
2018-02-19;2,6017;2,6109;2,5327;2,5333;;
2018-02-16;2,5541;2,583;2,5223;2,5703;;
2018-02-15;2,5842;2,6003;2,5214;2,5929;;
2018-02-14;2,6082;2,6174;2,5422;2,6155;;
2018-02-13;2,5867;2,6333;2,5725;2,6052;;
2018-02-12;2,5888;2,5904;2,5289;2,5631;;
2018-02-09;2,6643;2,6726;2,5624;2,6089;;
2018-02-08;2,6975;2,7413;2,6862;2,6862;;
2018-02-07;2,7673;2,7813;2,6781;2,7023;;
2018-02-06;2,7648;2,7762;2,6874;2,7605;;
2018-02-05;2,854;2,8761;2,7298;2,7437;;
2018-02-02;2,9035;2,9299;2,8339;2,868;;
2018-02-01;2,9648;2,9725;2,8255;2,8887;;
2018-01-31;3,1185;3,1301;2,9588;2,9647;;
2018-01-30;3,213;3,2478;3,167;3,1874;;
2018-01-29;3,0987;3,1788;3,0366;3,1668;;
2018-01-26;3,1276;3,2031;3,1122;3,1747;;
2018-01-25;3,2954;3,5289;3,0892;3,1043;;
2018-01-24;3,538;3,5428;3,0875;3,2676;;
2018-01-23;3,192;3,258;3,0384;3,2398;;
2018-01-22;3,2453;3,2525;2,9569;3,0764;;
2018-01-19;3,1667;3,2046;2,9731;3,1911;;
2018-01-18;3,2458;3,2473;2,9615;3,2178;;
2018-01-17;3,1332;3,2687;3,0056;3,2549;;
2018-01-16;3,0449;3,1584;2,9279;3,1375;;
2018-01-15;3,1481;3,151;2,9233;2,9233;;
2018-01-12;3,124;3,2004;2,9545;3,1814;;
2018-01-11;2,9126;3,0874;2,8452;3,0775;;
2018-01-10;2,9771;2,9814;2,8157;2,8891;;
2018-01-09;2,8504;2,8988;2,7703;2,8975;;
2018-01-08;2,8429;2,862;2,742;2,8261;;
2018-01-05;2,8582;2,8585;2,7111;2,7856;;
2018-01-04;3,0582;3,0609;2,8002;2,8656;;
2018-01-03;3,0327;3,0523;2,907;2,9907;;
2018-01-02;3,0559;3,0606;2,9012;3,0376;;
2017-12-29;2,959;2,9725;2,9059;2,9393;;
2017-12-28;2,7739;2,9173;2,7582;2,8857;;
2017-12-27;2,6474;2,7408;2,5985;2,7167;;
2017-12-22;2,6159;2,6538;2,5554;2,6521;;
2017-12-21;2,632;2,6398;2,5457;2,5961;;
2017-12-20;2,7542;2,7542;2,5854;2,6348;;
2017-12-19;2,7561;2,7561;2,6739;2,6997;;
2017-12-18;2,6457;2,7574;2,6403;2,7357;;
2017-12-15;2,6769;2,7098;2,5714;2,5983;;
2017-12-14;2,6981;2,6981;2,6292;2,6754;;
2017-12-13;2,708;2,7271;2,6426;2,6886;;
2017-12-12;2,8075;2,8352;2,6663;2,6715;;
2017-12-11;2,8218;2,8433;2,7734;2,8057;;
2017-12-08;2,7473;2,8016;2,7386;2,797;;
2017-12-07;2,8692;2,8754;2,7471;2,7892;;
2017-12-06;2,9191;2,9464;2,863;2,9273;;
2017-12-05;2,9451;2,98;2,8552;2,9226;;
2017-12-04;3,147;3,1507;2,9324;2,9961;;
2017-12-01;3,0259;3,0957;3,0142;3,0845;;
2017-11-30;3,1488;3,1505;2,9924;3,0231;;
2017-11-29;3,1309;3,1814;3,1214;3,1596;;
2017-11-28;3,0792;3,1511;3,0148;3,1499;;
2017-11-27;2,987;3,0077;2,9325;2,9893;;
2017-11-24;2,9074;2,9856;2,8321;2,8785;;
2017-11-23;2,9462;3,0045;2,9138;2,9138;;
2017-11-22;3,0027;3,0504;2,9494;2,9734;;
2017-11-21;3,0039;3,0868;2,9906;3,0032;;
2017-11-20;3,0545;3,0689;3,0118;3,0279;;
2017-11-17;3,0673;3,1143;3,0481;3,0882;;
2017-11-16;3,0603;3,1125;3,0238;3,0239;;
2017-11-15;3,068;3,149;3,041;3,0715;;
2017-11-14;3,1073;3,1301;3,0534;3,0853;;
2017-11-13;3,1564;3,2119;3,1348;3,1753;;
2017-11-10;3,2156;3,2385;3,1606;3,1896;;
2017-11-09;3,1434;3,2132;3,1335;3,1998;;
2017-11-08;3,1277;3,1833;3,0979;3,1645;;
2017-11-07;3,1026;3,1599;3,0786;3,1512;;
2017-11-06;3,0359;3,1411;3,0272;3,1103;;
2017-11-03;2,9089;2,9875;2,9072;2,9646;;
2017-11-02;2,8939;2,9516;2,8831;2,9294;;
2017-11-01;2,8965;2,9152;2,8404;2,8917;;
2017-10-30;2,9511;2,993;2,9299;2,9511;;
2017-10-27;3,0515;3,0515;2,9262;2,9368;;
2017-10-26;3,0782;3,0871;3,0241;3,0433;;
2017-10-25;3,0654;3,1442;3,0525;3,0713;;
2017-10-24;3,0218;3,1371;2,9438;2,9538;;
2017-10-23;3,0932;3,1383;2,9652;2,9899;;
2017-10-20;2,8652;3,0219;2,8372;2,8907;;
2017-10-19;2,8707;3,0145;2,8221;2,8221;;
2017-10-18;2,9114;3,0294;2,8375;2,8509;;
2017-10-17;2,9552;3,1093;2,9446;2,9523;;
2017-10-16;2,9553;3,0693;2,9209;2,9508;;
2017-10-13;2,9803;3,1325;2,9693;3,0068;;
2017-10-12;2,8892;3,0785;2,8851;2,9803;;
2017-10-11;2,8992;3,0627;2,8678;2,8827;;
2017-10-10;2,8265;3,0028;2,8237;2,8527;;
2017-10-09;2,8581;3,0148;2,8076;2,8308;;
2017-10-06;2,9056;3,0318;2,8394;2,8501;;
2017-10-05;2,9368;3,0743;2,9049;2,9219;;
2017-10-04;2,8977;3,0757;2,8943;2,9414;;
2017-10-02;3,0013;3,1617;2,8895;2,9181;;
2017-09-29;3,0043;3,133;2,9914;2,9923;;
2017-09-28;3,0499;3,192;2,994;3,0347;;
2017-09-27;3,0183;3,1528;3,001;3,0559;;
2017-09-26;2,9931;3,1247;2,9646;2,9887;;
2017-09-25;3,0119;3,146;2,9679;2,9731;;
2017-09-22;2,9712;3,1141;2,9343;2,9403;;
2017-09-21;3,0799;3,2173;2,9305;2,9522;;
2017-09-20;3,1413;3,2628;3,1123;3,1247;;
2017-09-19;3,1361;3,2801;3,1338;3,1389;;
2017-09-18;3,0517;3,2548;3,0418;3,1516;;
2017-09-15;3,041;3,2045;3,0021;3,0206;;
2017-09-14;3,051;3,1865;3,0406;3,0486;;
2017-09-13;3,0023;3,1813;2,9851;3,0465;;
2017-09-12;2,9471;3,1692;2,9374;2,9935;;
2017-09-11;2,9096;3,0748;2,8914;2,945;;
2017-09-08;2,9553;3,1377;2,8726;2,8896;;
2017-09-07;2,9981;3,1403;2,9623;2,9623;;
2017-09-06;2,9581;3,1066;2,9454;2,9971;;
2017-09-05;3,0071;3,1671;2,9536;2,9602;;
2017-09-04;3,0231;3,1886;2,9917;3,0001;;
2017-09-01;3,0315;3,1865;3,0256;3,0471;;
2017-08-31;2,9216;3,1059;2,9142;3,012;;
2017-08-30;2,9531;3,1143;2,9233;2,9264;;
2017-08-29;2,9641;3,0723;2,9564;2,9686;;
2017-08-28;2,9073;3,0771;2,8977;2,9285;;
2017-08-25;2,9617;3,0849;2,9079;2,9186;;
2017-08-24;2,9512;3,114;2,8698;3,0172;;
2017-08-23;2,927;3,0772;2,927;2,929;;
2017-08-22;2,9761;3,1087;2,9184;2,9271;;
2017-08-21;2,8886;2,9687;2,8589;2,9326;;
2017-08-18;2,9118;2,9169;2,8754;2,8829;;
2017-08-17;2,8784;2,9218;2,8605;2,9028;;
2017-08-16;2,8929;2,9216;2,8678;2,8705;;
2017-08-15;2,9622;2,9622;2,9177;2,9239;;
2017-08-14;2,9896;3,0027;2,9095;2,9391;;
2017-08-11;2,9748;2,9841;2,9531;2,9681;;
2017-08-10;2,8629;2,9819;2,8537;2,9691;;
2017-08-09;2,7971;2,8879;2,7884;2,8879;;
2017-08-08;2,7975;2,8195;2,7697;2,7988;;
2017-08-07;2,7833;2,7973;2,7558;2,7852;;
2017-08-04;2,7597;2,7811;2,7394;2,7682;;
2017-08-03;2,8095;2,8303;2,7806;2,7839;;
2017-08-02;2,7977;2,8211;2,7703;2,8018;;
2017-08-01;2,81;2,8217;2,7485;2,8092;;
2017-07-31;2,8693;2,8749;2,7676;2,7936;;
2017-07-28;2,9553;2,9667;2,9227;2,9349;;
2017-07-27;2,9157;2,9772;2,8829;2,9447;;
2017-07-26;2,9301;2,9425;2,8689;2,8969;;
2017-07-25;2,8918;2,9208;2,8715;2,9163;;
2017-07-24;2,9123;2,934;2,8664;2,8774;;
2017-07-21;3,0088;3,0216;2,9304;2,9325;;
2017-07-20;3,0547;3,085;3,0031;3,0079;;
2017-07-19;3,053;3,0791;3,0413;3,052;;
2017-07-18;3,013;3,0764;3,0036;3,0628;;
2017-07-17;2,9776;3,0307;2,9646;3,003;;
2017-07-14;2,9518;2,9813;2,9232;2,959;;
2017-07-13;2,9957;3,0015;2,9303;2,9439;;
2017-07-12;3,0168;3,0248;2,9502;2,9799;;
2017-07-11;2,9174;3,0401;2,9097;3,0273;;
2017-07-10;2,8776;2,9281;2,8541;2,9086;;
2017-07-07;2,8904;2,9296;2,8345;2,8425;;
2017-07-06;2,8532;2,8796;2,8458;2,8705;;
2017-07-05;2,9758;3,005;2,8155;2,8305;;
2017-07-04;2,9359;2,9788;2,934;2,973;;
2017-07-03;2,9447;3,0351;2,9247;2,9342;;
2017-06-30;3,0196;3,0282;2,962;3,0282;;
2017-06-29;3,079;3,1005;3,0215;3,0323;;
2017-06-28;3,0423;3,0982;3,0311;3,0638;;
2017-06-27;3,0677;3,0699;3,0255;3,0565;;
2017-06-26;2,9887;3,0432;2,9748;3,0383;;
2017-06-23;2,9035;2,9392;2,8927;2,9172;;
2017-06-22;2,8876;2,9445;2,8761;2,889;;
2017-06-21;2,8814;2,9432;2,8711;2,8851;;
2017-06-20;2,881;2,9085;2,8741;2,8868;;
2017-06-19;2,9411;2,9568;2,8715;2,8843;;
2017-06-16;3,0469;3,0704;3,0151;3,0166;;
2017-06-15;2,9395;3,051;2,9187;3,0352;;
2017-06-14;2,9544;2,9724;2,905;2,9308;;
2017-06-13;2,9939;3,0553;2,9401;2,953;;
2017-06-12;3,0088;3,0797;2,9927;3,029;;
2017-06-09;3,0327;3,063;3,0158;3,0158;;
2017-06-08;3,0032;3,0621;2,9829;3,0179;;
2017-06-07;3,0532;3,0867;2,998;2,9992;;
2017-06-06;2,979;3,0498;2,9696;3,0308;;
2017-06-02;3,0222;3,0406;2,9802;2,9802;;
2017-06-01;3,0725;3,1214;2,9867;2,996;;
2017-05-31;3,1355;3,1636;3,0515;3,0579;;
2017-05-30;3,1987;3,2268;3,1316;3,1507;;
2017-05-29;3,2314;3,2459;3,198;3,2045;;
2017-05-26;3,2864;3,3212;3,2459;3,3023;;
2017-05-25;3,295;3,3456;3,2333;3,2829;;
2017-05-24;3,228;3,3221;3,1926;3,1931;;
2017-05-23;3,3684;3,3935;3,2025;3,2087;;
2017-05-22;3,3267;3,3883;3,3032;3,3202;;
2017-05-19;3,2016;3,3448;3,2016;3,2543;;
2017-05-18;3,2018;3,2888;3,1696;3,179;;
2017-05-17;3,2155;3,2825;3,1721;3,1907;;
2017-05-16;3,3498;3,3662;3,2093;3,2129;;
2017-05-15;3,398;3,4048;3,3332;3,3465;;
2017-05-12;3,3529;3,427;3,3406;3,4174;;
2017-05-11;3,274;3,3797;3,2607;3,3508;;
2017-05-10;3,2026;3,3211;3,1898;3,2825;;
2017-05-09;3,1726;3,2369;3,1622;3,2133;;
2017-05-08;3,2266;3,2371;3,1319;3,1637;;
2017-05-05;3,1728;3,2682;3,1725;3,2573;;
2017-05-04;3,229;3,24;3,1535;3,188;;
2017-05-03;3,1721;3,2266;3,157;3,2176;;
2017-05-02;3,2222;3,261;3,1649;3,1932;;
2017-04-28;3,2386;3,2883;3,2206;3,2743;;
2017-04-27;3,2474;3,2542;3,1984;3,2332;;
2017-04-26;3,1654;3,2683;3,1613;3,2664;;
2017-04-25;3,1563;3,1691;3,1138;3,1418;;
2017-04-24;3,2067;3,2113;3,1174;3,1445;;
2017-04-21;3,2598;3,2683;3,1714;3,1778;;
2017-04-20;3,2022;3,2871;3,1885;3,2461;;
2017-04-19;3,1486;3,2643;3,1398;3,1815;;
2017-04-18;3,1441;3,1991;3,1135;3,135;;
2017-04-13;3,1471;3,2477;3,146;3,2077;;
2017-04-12;3,1542;3,2186;3,1492;3,169;;
2017-04-11;3,2375;3,2885;3,1353;3,1554;;
2017-04-10;3,2339;3,3051;3,2226;3,2296;;
2017-04-07;3,3072;3,3477;3,2473;3,2488;;
2017-04-06;3,2562;3,3505;3,2424;3,3138;;
2017-04-05;3,243;3,3595;3,243;3,2505;;
2017-04-04;3,1421;3,293;3,1219;3,2802;;
2017-04-03;3,2129;3,2756;3,1139;3,1287;;
2017-03-31;3,2092;3,252;3,1687;3,1793;;
2017-03-30;3,2121;3,2463;3,1756;3,1856;;
2017-03-29;3,1717;3,2672;3,151;3,2158;;
2017-03-28;3,0278;3,2014;3,0278;3,159;;
2017-03-27;3,1755;3,2168;3,0379;3,0421;;
2017-03-24;3,0226;3,157;3,0226;3,0621;;
2017-03-23;3,024;3,1277;3,024;3,0435;;
2017-03-22;3,07;3,1516;3,001;3,0058;;
2017-03-21;3,0558;3,1446;3,0551;3,0766;;
2017-03-20;2,8917;3,094;2,8917;3,0666;;
2017-03-17;2,8811;2,9956;2,8747;2,9409;;
2017-03-16;2,9496;3,0289;2,8892;2,8938;;
2017-03-15;2,9297;3,0392;2,9156;2,9614;;
2017-03-14;3,0271;3,1166;2,9158;2,9158;;
2017-03-13;3,0529;3,1299;2,9867;3,0018;;
2017-03-10;2,9889;3,0752;2,985;3,0086;;
2017-03-09;2,8926;3,0207;2,8766;2,9613;;
2017-03-08;2,8513;3,0149;2,8504;2,8782;;
2017-03-07;2,857;2,9526;2,8097;2,8246;;
2017-03-06;2,8992;3,0098;2,8858;2,8879;;
2017-03-03;2,7909;2,8917;2,7865;2,8045;;
2017-03-02;2,7583;2,9106;2,7542;2,7782;;
2017-03-01;2,7608;2,8765;2,7442;2,7876;;
2017-02-28;2,6834;2,842;2,6698;2,7466;;
2017-02-27;2,6932;2,7947;2,6669;2,6801;;
2017-02-24;2,7645;2,8442;2,7466;2,7526;;
2017-02-23;2,6841;2,8422;2,6411;2,7372;;
2017-02-22;2,5354;2,7482;2,5354;2,6006;;
2017-02-21;2,8251;2,9154;2,5435;2,5584;;
2017-02-20;2,795;2,924;2,7683;2,8561;;
2017-02-17;2,8457;3,007;2,8238;2,8347;;
2017-02-16;2,9139;3,0666;2,8413;2,8485;;
2017-02-15;2,9482;2,9817;2,9075;2,9085;;
2017-02-14;2,9125;2,9415;2,8742;2,9068;;
2017-02-13;2,9739;2,9843;2,934;2,9395;;
2017-02-10;3,0477;3,0528;2,9975;3,0362;;
2017-02-09;3,1723;3,1774;3,1069;3,1309;;
2017-02-08;3,1167;3,1482;3,0495;3,1291;;
2017-02-07;3,0613;3,1345;3,0565;3,1252;;
2017-02-06;3,0589;3,0643;2,9991;3,0474;;
2017-02-03;3,1441;3,1479;3,0346;3,0515;;
2017-02-02;3,2005;3,2005;3,1075;3,1714;;
2017-02-01;3,1419;3,2175;3,1398;3,1684;;
2017-01-31;3,1928;3,1976;3,1036;3,1234;;
2017-01-30;3,3009;3,3099;3,2106;3,2393;;
2017-01-27;3,2951;3,3745;3,2528;3,3682;;
2017-01-26;3,3953;3,4794;3,3611;3,3963;;
2017-01-25;3,2973;3,3511;3,2612;3,3424;;
2017-01-24;3,2673;3,3434;3,2507;3,2976;;
2017-01-23;3,1842;3,2495;3,1443;3,2411;;
2017-01-20;3,3214;3,3327;3,1908;3,1998;;
2017-01-19;3,3283;3,3889;3,2492;3,353;;
2017-01-18;3,3944;3,3978;3,2765;3,2981;;
2017-01-17;3,4781;3,4986;3,3475;3,4043;;
2017-01-16;3,4376;3,4823;3,3974;3,4445;;
2017-01-13;3,4179;3,43;3,3201;3,4245;;
2017-01-12;3,3339;3,4229;3,2849;3,3791;;
2017-01-11;3,2392;3,3368;3,2032;3,2339;;
2017-01-10;3,1291;3,3122;3,127;3,2744;;
2017-01-09;3,2495;3,2576;3,0971;3,1029;;
2017-01-06;3,255;3,332;3,204;3,2789;;
2017-01-05;3,254;3,2873;3,1715;3,2298;;
2017-01-04;3,3029;3,3457;3,226;3,2708;;
2017-01-03;3,4709;3,4968;3,2737;3,3324;;
2016-12-30;3,8093;3,8122;3,793;3,8111;;
2016-12-29;3,897;3,897;3,781;3,8035;;
2016-12-28;3,7593;3,8963;3,7078;3,8963;;
2016-12-27;3,7136;3,7861;3,7136;3,7582;;
2016-12-23;3,5306;3,7196;3,5306;3,7146;;
2016-12-22;3,5974;3,6349;3,5227;3,5227;;
2016-12-21;3,3235;3,5973;3,3235;3,5947;;
2016-12-20;3,4596;3,4669;3,3125;3,3262;;
2016-12-19;3,4244;3,4673;3,3924;3,4673;;
2016-12-16;3,452;3,4669;3,395;3,4167;;
2016-12-15;3,5638;3,5929;3,4466;3,4635;;
2016-12-14;3,4568;3,5637;3,4568;3,5637;;
2016-12-13;3,5257;3,5356;3,4534;3,4534;;
2016-12-12;3,7017;3,7074;3,5184;3,5387;;
2016-12-09;3,7309;3,776;3,6915;3,6915;;
2016-12-08;3,5961;3,7362;3,518;3,7252;;
2016-12-07;3,6322;3,717;3,5762;3,5973;;
2016-12-06;3,6571;3,7078;3,5792;3,6387;;
2016-12-05;3,4238;3,654;3,4132;3,642;;
2016-12-02;3,4759;3,5523;3,4203;3,4203;;
2016-12-01;3,3375;3,4849;3,3351;3,4849;;
2016-11-30;3,2836;3,3453;3,2836;3,3446;;
2016-11-29;3,3417;3,3437;3,2759;3,2759;;
2016-11-28;3,2157;3,343;3,208;3,3354;;
2016-11-25;3,1346;3,2091;3,1346;3,2091;;
2016-11-24;3,1339;3,1473;3,1266;3,1341;;
2016-11-23;3,0808;3,135;3,0724;3,1254;;
2016-11-22;3,0818;3,1123;3,0817;3,0817;;
2016-11-21;2,94;3,0808;2,9359;3,0808;;
2016-11-18;2,8677;2,943;2,8677;2,943;;
2016-11-17;2,8957;2,9361;2,8641;2,8641;;
2016-11-16;2,8855;2,8915;2,8847;2,8847;;
2016-11-15;2,9304;2,9727;2,8903;2,896;;
2016-11-14;2,6399;2,9294;2,6399;2,9294;;
2016-11-11;2,6562;2,6562;2,5797;2,6443;;
2016-11-10;2,7338;2,7338;2,5812;2,6548;;
2016-11-09;2,7351;2,7351;2,7239;2,7239;;
2016-10-28;3,0551;3,0667;3,0541;3,0541;;
2016-10-27;3,0544;3,0579;3,0368;3,05;;
2016-10-26;3,167;3,1681;2,9937;3,055;;
2016-10-25;3,3562;3,3562;3,1638;3,1638;;
2016-10-24;3,3475;3,3874;3,3412;3,355;;
2016-10-21;3,4124;3,4219;3,3425;3,3425;;
2016-10-20;3,4214;3,455;3,4131;3,4274;;
2016-10-19;3,4938;3,4997;3,4298;3,4298;;
2016-10-18;3,4983;3,5182;3,4938;3,5073;;
2016-10-17;3,5025;3,5056;3,464;3,4975;;
2016-10-14;3,5124;3,5422;3,4935;3,4935;;
2016-10-13;3,3945;3,5282;3,3945;3,5249;;
2016-10-12;3,2269;3,4168;3,2269;3,392;;
2016-10-11;3,2534;3,2951;3,2177;3,2295;;
2016-10-10;3,1976;3,2561;3,1654;3,2561;;
2016-10-07;3,0165;3,2046;3,0165;3,2046;;
2016-10-06;3,0266;3,0343;2,9947;3,0206;;
2016-10-05;2,9639;3,038;2,9639;3,0257;;
2016-10-04;2,926;2,9719;2,8839;2,9646;;
2016-09-30;2,9768;2,9768;2,9108;2,9234;;
2016-09-29;2,9732;3,0233;2,9732;2,9834;;
2016-09-28;3,042;3,042;2,9737;2,9737;;
2016-09-27;3,0432;3,0543;3,0309;3,0393;;
2016-09-26;3,0322;3,0574;3,0322;3,0574;;
2016-09-23;3,0857;3,0883;3,0328;3,0345;;
2016-09-22;3,1414;3,1547;3,0868;3,0942;;
2016-09-21;3,0758;3,1454;3,0758;3,1454;;
2016-09-20;2,9939;3,0857;2,9939;3,0857;;
2016-09-19;3,0252;3,0252;3,00;3,0042;;
2016-09-16;2,9766;3,0211;2,975;3,0211;;
2016-09-15;2,9933;2,9933;2,914;2,9798;;
2016-09-14;2,8938;3,039;2,8938;2,9881;;
2016-09-13;2,9039;2,9132;2,8969;2,8969;;
2016-09-12;2,8313;2,9047;2,8313;2,899;;
2016-09-09;2,7772;2,8335;2,7772;2,8313;;
2016-09-08;2,7149;2,7897;2,7016;2,7845;;
2016-09-07;2,7135;2,7248;2,6951;2,7248;;
2016-09-06;2,755;2,7658;2,7156;2,7211;;
2016-09-05;2,826;2,826;2,7492;2,7637;;
2016-09-02;2,8068;2,8259;2,8061;2,8259;;
2016-09-01;2,8827;2,8853;2,7985;2,8021;;
2016-08-31;2,8264;2,8818;2,8115;2,8807;;
2016-08-30;2,889;2,8971;2,8202;2,825;;
2016-08-29;2,8972;2,9172;2,8908;2,8908;;
2016-08-26;2,8562;2,9051;2,8531;2,9051;;
2016-08-25;2,845;2,8664;2,8257;2,8553;;
2016-08-24;2,7928;2,855;2,7902;2,844;;
2016-08-23;2,6711;2,796;2,6651;2,7894;;
2016-08-22;2,6665;2,6688;2,6583;2,6688;;
2016-08-19;2,6636;2,6972;2,6636;2,674;;
2016-08-18;2,6623;2,6749;2,6623;2,6749;;
2016-08-17;2,6648;2,6735;2,6378;2,6601;;
2016-08-16;2,6459;2,6575;2,6276;2,654;;
2016-08-15;2,6278;2,6448;2,6068;2,6448;;
2016-08-12;2,6284;2,6488;2,5948;2,634;;
2016-08-11;2,5856;2,6337;2,5856;2,6259;;
2016-08-10;2,6324;2,6324;2,5919;2,5919;;
2016-08-09;2,7553;2,7563;2,6255;2,6255;;
2016-08-08;2,8021;2,8021;2,7445;2,7507;;
2016-08-05;2,8529;2,8529;2,8035;2,8035;;
2016-08-04;2,8277;2,8559;2,8275;2,8479;;
2016-08-03;2,7806;2,8338;2,7404;2,8303;;
2016-08-02;2,7677;2,7911;2,7677;2,7816;;
2016-08-01;2,8887;2,8944;2,7705;2,7747;;
2016-07-29;2,8603;2,8921;2,8572;2,8854;;
2016-07-28;2,6582;2,874;2,6564;2,8545;;
2016-07-27;2,6644;2,67;2,6471;2,658;;
2016-07-26;2,7178;2,7178;2,6711;2,6726;;
2016-07-25;2,7438;2,7593;2,7238;2,7239;;
2016-07-22;2,6106;2,7457;2,6084;2,7349;;
2016-07-21;2,6647;2,6759;2,6124;2,6124;;
2016-07-20;2,745;2,745;2,6667;2,6667;;
2016-07-19;2,6966;2,7435;2,6854;2,7435;;
2016-07-18;2,7355;2,757;2,6843;2,6891;;
2016-07-15;2,6985;2,7368;2,6884;2,7368;;
2016-07-14;2,7052;2,7271;2,6837;2,7033;;
2016-07-13;2,7029;2,7435;2,6847;2,7022;;
2016-07-12;2,6952;2,7106;2,6952;2,7004;;
2016-07-11;2,808;2,8758;2,6945;2,6945;;
2016-07-08;2,7576;2,8111;2,7576;2,8111;;
2016-07-07;2,7677;2,83;2,7614;2,7614;;
2016-07-06;2,7733;2,7939;2,7158;2,7648;;
2016-07-05;2,906;2,9153;2,7688;2,7753;;
2016-07-04;2,9625;2,9625;2,891;2,9009;;
2016-07-01;2,9283;2,9652;2,9032;2,9526;;
2016-06-30;2,8917;2,9319;2,8541;2,9248;;
2016-06-29;2,8772;2,9529;2,8745;2,893;;
2016-06-28;2,7494;2,8858;2,7494;2,8853;;
2016-06-27;2,7077;2,7568;2,6881;2,7568;;
2016-06-24;2,7069;2,7218;2,7035;2,7035;;
2016-06-23;2,6979;2,72;2,6979;2,7114;;
2016-06-22;2,8142;2,8142;2,6968;2,6968;;
2016-06-21;2,7632;2,811;2,7444;2,811;;
2016-06-20;2,6163;2,7645;2,6148;2,7602;;
2016-06-17;2,6653;2,6653;2,6163;2,6163;;
2016-06-16;2,6778;2,6846;2,6325;2,6583;;
2016-06-15;2,6803;2,6803;2,6571;2,6771;;
2016-06-14;2,6197;2,685;2,6143;2,6804;;
2016-06-13;2,562;2,6239;2,562;2,6234;;
2016-06-10;2,5789;2,5789;2,5562;2,5562;;
2016-06-09;2,4745;2,5841;2,4627;2,5769;;
2016-06-08;2,4544;2,4934;2,4544;2,4713;;
2016-06-07;2,4602;2,4625;2,4327;2,4625;;
2016-06-06;2,3862;2,4622;2,3862;2,4551;;
2016-06-03;2,4133;2,4423;2,3887;2,3941;;
2016-06-02;2,36;2,4127;2,3586;2,404;;
2016-06-01;2,2876;2,3612;2,28;2,355;;
2016-05-31;2,1748;2,293;2,1719;2,293;;
2016-05-30;2,1702;2,1752;2,1593;2,1648;;
2016-05-27;2,1842;2,1842;2,1138;2,1715;;
2016-05-26;2,1691;2,1825;2,1688;2,178;;
2016-05-25;2,1549;2,1717;2,1358;2,1667;;
2016-05-24;2,2401;2,2401;2,1601;2,1601;;
2016-05-23;2,1804;2,2593;2,1804;2,2375;;
2016-05-20;2,1842;2,1848;2,1803;2,1848;;
2016-05-19;2,1347;2,1811;2,1187;2,1811;;
2016-05-18;2,195;2,2036;2,1262;2,1262;;
2016-05-17;2,2597;2,2597;2,1782;2,2024;;
2016-05-13;2,2818;2,2842;2,257;2,2605;;
2016-05-12;2,2913;2,2913;2,2806;2,2806;;
2016-05-11;2,2776;2,3007;2,2776;2,2952;;
2016-05-10;2,091;2,2839;2,0854;2,2839;;
2016-05-09;2,0868;2,1051;2,0868;2,095;;
2016-05-06;2,115;2,115;2,0846;2,0851;;
2016-05-04;2,0582;2,1085;2,0582;2,1061;;
2016-05-03;2,0521;2,0638;2,0512;2,0638;;
2016-05-02;2,154;2,154;2,0502;2,0502;;
2016-04-29;2,0764;2,1589;2,069;2,1466;;
2016-04-28;2,1251;2,1362;2,0655;2,0806;;
2016-04-27;2,1754;2,1885;2,126;2,126;;
2016-04-26;2,1807;2,1894;2,1805;2,1805;;
2016-04-25;2,2256;2,2899;2,1789;2,1833;;
2016-04-22;2,1878;2,2345;2,1878;2,2343;;
2016-04-21;2,1879;2,2034;2,1807;2,1851;;
2016-04-20;2,1388;2,1965;2,1388;2,1952;;
2016-04-19;2,0089;2,1444;2,0056;2,1444;;
2016-04-18;2,0113;2,0201;1,9947;2,0065;;
2016-04-15;2,0589;2,0589;2,0065;2,01;;
2016-04-14;2,1212;2,1212;2,0586;2,0596;;
2016-04-13;1,9492;2,1252;1,9492;2,1252;;
2016-04-12;1,939;1,9498;1,9281;1,9498;;
2016-04-11;1,9993;2,004;1,9338;1,9393;;
2016-04-08;1,9973;2,0195;1,996;1,9969;;
2016-04-07;1,9396;2,0025;1,8982;2,0025;;
2016-04-06;1,9466;1,9501;1,937;1,9383;;
2016-04-05;1,9987;2,0042;1,9414;1,9488;;
2016-04-04;1,94;2,0637;1,94;2,0012;;
2016-04-01;1,9363;1,9473;1,9363;1,9386;;
2016-03-31;1,9907;2,0081;1,9378;1,9378;;
2016-03-30;1,9818;1,9915;1,9809;1,9915;;
2016-03-29;1,851;1,9886;1,851;1,9814;;
2016-03-24;1,9064;1,9117;1,8507;1,8514;;
2016-03-23;1,9093;1,9709;1,9063;1,9108;;
2016-03-22;1,9233;1,924;1,89;1,9139;;
2016-03-21;1,9782;1,9847;1,923;1,9242;;
2016-03-18;1,992;1,9951;1,9779;1,9825;;
2016-03-17;1,9571;1,9938;1,9254;1,9911;;
2016-03-16;1,8563;1,9614;1,8562;1,9599;;
2016-03-15;1,8063;1,8608;1,8063;1,8608;;
2016-03-14;1,8224;1,8224;1,8078;1,8141;;
2016-03-11;1,7689;1,8189;1,7689;1,8162;;
2016-03-10;1,7333;1,7739;1,7315;1,7739;;
2016-03-09;1,7169;1,7334;1,7169;1,7264;;
2016-03-08;1,7418;1,7418;1,6864;1,7158;;
2016-03-07;1,6514;1,7427;1,6222;1,7427;;
2016-03-04;1,681;1,6831;1,6231;1,6488;;
2016-03-03;1,6588;1,6791;1,6584;1,6791;;
2016-03-02;1,7716;1,7716;1,6563;1,6565;;
2016-03-01;1,7202;1,7737;1,7013;1,7673;;
2016-02-29;1,7779;1,7779;1,7081;1,7204;;
2016-02-26;1,787;1,7922;1,7801;1,7813;;
2016-02-25;1,8397;1,842;1,7938;1,7938;;
2016-02-24;1,8526;1,8527;1,8056;1,8428;;
2016-02-23;1,8487;1,8557;1,8437;1,8474;;
2016-02-22;1,8616;1,8616;1,8527;1,8527;;
2016-02-19;1,9281;1,9283;1,8554;1,8566;;
2016-02-18;2,0178;2,0178;1,9268;1,9312;;
2016-02-17;1,9712;2,0215;1,9577;2,0215;;
2016-02-16;2,0305;2,0305;1,9673;1,9749;;
2016-02-15;2,0402;2,0402;2,0315;2,0315;;
2016-02-12;2,0631;2,0833;2,0354;2,0354;;
2016-02-11;2,0998;2,1255;2,0578;2,0593;;
2016-02-10;2,1136;2,1447;2,0934;2,1035;;
2016-02-09;2,151;2,151;2,0928;2,1108;;
2016-02-08;2,0308;2,1522;2,0271;2,1495;;
2016-02-05;1,9929;2,0375;1,9862;2,0292;;
2016-02-04;2,0377;2,044;1,9889;1,9908;;
2016-02-03;2,0352;2,053;2,0017;2,037;;
2016-02-02;2,1294;2,1294;1,9933;2,0357;;
2016-02-01;2,275;2,275;2,1346;2,1346;;
2016-01-29;2,2054;2,2745;2,2032;2,2744;;
2016-01-28;2,1782;2,2035;2,131;2,2035;;
2016-01-27;2,126;2,1928;2,126;2,1809;;
2016-01-26;2,1234;2,178;2,1173;2,1322;;
2016-01-25;2,1723;2,1727;2,1102;2,1149;;
2016-01-22;2,1429;2,1734;2,1209;2,1698;;
2016-01-21;2,1285;2,1738;2,1217;2,1379;;
2016-01-20;2,1413;2,1417;2,092;2,1286;;
2016-01-19;2,1426;2,1802;2,1262;2,1363;;
2016-01-18;2,1528;2,1542;2,0805;2,1353;;
2016-01-15;2,185;2,185;2,135;2,1476;;
2016-01-14;2,2765;2,3161;2,1766;2,1766;;
2016-01-13;2,2681;2,3208;2,2681;2,2802;;
2016-01-12;2,3665;2,3677;2,2647;2,2665;;
2016-01-11;2,4722;2,4722;2,37;2,37;;
2016-01-08;2,3804;2,471;2,3804;2,471;;
2016-01-07;2,2577;2,4051;2,2577;2,3787;;
2016-01-06;2,3049;2,3467;2,2596;2,2636;;
2016-01-05;2,3841;2,3841;2,2963;2,3056;;
2015-12-29;2,2528;2,3808;2,2523;2,3808;;
2015-12-28;2,0448;2,2499;2,0356;2,2462;;
2015-12-23;1,9463;2,0399;1,9368;2,0399;;
2015-12-22;1,9947;1,9947;1,9485;1,9501;;
2015-12-21;1,8784;2,0011;1,8765;1,9852;;
2015-12-18;1,873;1,8835;1,8508;1,8763;;
2015-12-17;1,8896;1,9328;1,8661;1,8729;;
2015-12-16;1,8926;1,8978;1,8536;1,8878;;
2015-12-15;1,9628;1,9628;1,8907;1,8907;;
2015-12-14;1,998;2,0048;1,951;1,9596;;
2015-12-11;2,028;2,0294;1,9855;1,9993;;
2015-12-10;2,0481;2,0873;2,0317;2,0317;;
2015-12-09;2,0735;2,103;2,05;2,05;;
2015-12-08;2,0731;2,077;2,0236;2,0743;;
2015-12-07;2,1755;2,1781;2,0709;2,0709;;
2015-12-04;2,1781;2,1797;2,1756;2,1756;;
2015-12-03;2,1637;2,1844;2,1521;2,1844;;
2015-12-02;2,2138;2,2138;2,1632;2,1632;;
2015-12-01;2,2438;2,2608;2,1969;2,2058;;
2015-11-30;2,2431;2,2431;2,1981;2,2386;;
2015-11-27;2,2445;2,2453;2,2344;2,2449;;
2015-11-26;2,3425;2,3425;2,2488;2,2488;;
2015-11-25;2,3001;2,3404;2,2798;2,3389;;
2015-11-24;2,3373;2,345;2,2605;2,2959;;
2015-11-23;2,3023;2,3379;2,2479;2,3345;;
2015-11-20;2,3969;2,4053;2,2964;2,2964;;
2015-11-19;2,5188;2,5226;2,3968;2,4028;;
2015-11-18;2,5256;2,5552;2,5155;2,5198;;
2015-11-17;2,5241;2,5241;2,4784;2,5182;;
2015-11-16;2,5411;2,5838;2,515;2,515;;
2015-11-13;2,4547;2,5452;2,4547;2,5452;;
2015-11-12;2,4542;2,4881;2,4418;2,4602;;
2015-11-11;2,4845;2,4915;2,4466;2,4552;;
2015-11-10;2,4439;2,4986;2,4439;2,4945;;
2015-11-09;2,5263;2,5343;2,4464;2,4464;;
2015-11-06;2,3855;2,5455;2,3822;2,5334;;
2015-11-05;2,2911;2,3854;2,251;2,3854;;
2015-11-04;2,2756;2,3052;2,2747;2,2859;;
2015-11-03;2,2427;2,2915;2,235;2,2646;;
2015-11-02;2,319;2,3198;2,2367;2,2396;;
2015-10-30;2,2689;2,3217;2,2455;2,3217;;
2015-10-29;2,2999;2,3539;2,265;2,2662;;
2015-10-28;2,3748;2,3748;2,2856;2,3031;;
2015-10-27;2,4306;2,4315;2,3317;2,3663;;
2015-10-26;2,4876;2,4876;2,4285;2,4285;;
2015-10-23;2,5641;2,5662;2,4841;2,4936;;
2015-10-22;2,606;2,6088;2,5605;2,5628;;
2015-10-21;2,6938;2,6938;2,60;2,60;;
2015-10-20;2,6805;2,6952;2,6784;2,6952;;
2015-10-19;2,6503;2,6779;2,6503;2,6779;;
2015-10-16;2,6954;2,6974;2,6457;2,6457;;
2015-10-15;2,7107;2,7444;2,6951;2,698;;
2015-10-14;2,7367;2,7408;2,704;2,704;;
2015-10-13;2,5303;2,7568;2,5303;2,7434;;
2015-10-12;2,5029;2,5364;2,4983;2,5353;;
2015-10-09;2,5134;2,5134;2,4789;2,5008;;
2015-10-08;2,4986;2,5152;2,4607;2,5076;;
2015-10-07;2,4642;2,5015;2,4634;2,5014;;
2015-10-06;2,4468;2,4741;2,4465;2,4741;;
2015-10-05;2,4295;2,4671;2,4275;2,4515;;
2015-10-02;2,4534;2,4534;2,4087;2,4338;;
2015-10-01;2,526;2,5316;2,4467;2,4493;;
2015-09-30;2,6207;2,6258;2,5244;2,5272;;
2015-09-29;2,6616;2,6663;2,614;2,6204;;
2015-09-28;2,6088;2,7141;2,6088;2,6654;;
2015-09-25;2,6591;2,6733;2,6041;2,6043;;
2015-09-24;2,6356;2,6599;2,6196;2,6599;;
2015-09-23;2,6495;2,6531;2,6305;2,6401;;
2015-09-22;2,6473;2,6564;2,6381;2,6494;;
2015-09-21;2,6866;2,6866;2,6284;2,6556;;
2015-09-18;2,733;2,733;2,6756;2,6756;;
2015-09-17;2,7508;2,7508;2,7235;2,7338;;
2015-09-16;2,816;2,8166;2,7447;2,7447;;
2015-09-15;2,8241;2,8276;2,8241;2,8259;;
2015-09-14;2,7161;2,8365;2,7054;2,8365;;
2015-09-11;2,7099;2,713;2,6694;2,713;;
2015-09-10;2,6588;2,7179;2,6588;2,7124;;
2015-09-09;2,6912;2,6912;2,6525;2,6644;;
2015-09-08;2,6782;2,6933;2,6733;2,6901;;
2015-09-07;2,6756;2,6838;2,675;2,6753;;
2015-09-04;2,7159;2,7159;2,6824;2,6863;;
2015-09-03;2,6587;2,7176;2,6455;2,7114;;
2015-09-02;2,6987;2,6987;2,6577;2,6577;;
2015-09-01;2,6536;2,7144;2,6515;2,6994;;
2015-08-31;2,6979;2,6992;2,6524;2,6559;;
2015-08-28;2,7936;2,7936;2,6949;2,7063;;
2015-08-27;2,7951;2,7951;2,6727;2,6729;;
2015-08-26;2,7834;2,7961;2,6914;2,6953;;
2015-08-25;2,6634;2,6634;2,6634;2,6634;;
2015-08-24;2,6658;2,6658;2,6658;2,6658;;
2015-08-23;2,7261;2,7261;2,7261;2,7261;;
2015-08-22;2,7278;2,7278;2,7278;2,7278;;
2015-08-21;2,7327;2,7327;2,7327;2,7327;;
2015-08-20;2,8061;2,8061;2,8061;2,8061;;
2015-08-19;2,7619;2,7619;2,7619;2,7619;;
2015-08-18;2,7241;2,7241;2,7241;2,7241;;
2015-08-17;2,7779;2,7902;2,7256;2,73;;
2015-08-16;2,8101;2,8158;2,8101;2,8156;;
2015-08-15;2,8045;2,8114;2,8045;2,8097;;
2015-08-14;2,8006;2,8409;2,7826;2,8082;;
2015-08-13;2,928;2,928;2,7811;2,8036;;
2015-08-12;2,8618;2,9294;2,8543;2,9232;;
2015-08-11;2,8314;2,8661;2,8002;2,8618;;
2015-08-10;2,8343;2,8556;2,8251;2,8433;;
2015-08-07;2,8105;2,8196;2,7615;2,79;;
2015-08-06;2,7834;2,8387;2,7322;2,8073;;
2015-08-05;2,8056;2,8592;2,7765;2,7807;;
2015-08-04;2,7572;2,8234;2,7544;2,8078;;
2015-08-03;2,7475;2,7887;2,7137;2,7536;;
2015-07-31;2,7832;2,7866;2,7117;2,7117;;
2015-07-30;2,859;2,8742;2,7667;2,7877;;
2015-07-29;2,8542;2,9014;2,8339;2,9001;;
2015-07-28;2,7926;2,8439;2,7751;2,8427;;
2015-07-27;2,753;2,8155;2,7493;2,8034;;
2015-07-24;2,7972;2,8201;2,773;2,7801;;
2015-07-23;2,8942;2,9342;2,8029;2,8092;;
2015-07-22;2,8881;2,9086;2,8412;2,8909;;
2015-07-21;2,831;2,8915;2,829;2,8854;;
2015-07-20;2,8223;2,8747;2,7913;2,8294;;
2015-07-17;2,875;2,8944;2,8313;2,8944;;
2015-07-16;2,9175;2,9315;2,8414;2,8622;;
2015-07-15;2,84;2,922;2,8342;2,9092;;
2015-07-14;2,876;2,9321;2,8234;2,8478;;
2015-07-13;2,8108;2,8764;2,7867;2,8639;;
2015-07-10;2,7249;2,7994;2,7249;2,7769;;
2015-07-09;2,6829;2,7427;2,6589;2,7259;;
2015-07-08;2,7167;2,7526;2,6811;2,6911;;
2015-07-07;2,771;2,7989;2,6897;2,7229;;
2015-07-06;2,7594;2,7835;2,7315;2,7583;;
2015-07-03;2,8494;2,8494;2,7661;2,7668;;
2015-07-02;2,8066;2,8803;2,8012;2,8404;;
2015-07-01;2,8343;2,8566;2,7657;2,801;;
2015-06-30;2,8078;2,8299;2,7469;2,8262;;
2015-06-29;2,7391;2,8418;2,7391;2,8024;;
2015-06-26;2,8408;2,8408;2,7446;2,7535;;
2015-06-25;2,7592;2,8571;2,7481;2,8424;;
2015-06-24;2,7206;2,78;2,7188;2,7617;;
2015-06-23;2,7136;2,7875;2,7105;2,7261;;
2015-06-22;2,7516;2,7516;2,7136;2,7319;;
2015-06-19;2,7796;2,838;2,7415;2,8201;;
2015-06-18;2,8509;2,8681;2,7681;2,7803;;
2015-06-17;2,909;2,949;2,8447;2,8476;;
2015-06-16;2,9136;2,9233;2,8347;2,906;;
2015-06-15;2,8127;2,9185;2,7747;2,9061;;
2015-06-12;2,8176;2,8259;2,7461;2,7623;;
2015-06-11;2,8913;2,9194;2,8107;2,8221;;
2015-06-10;2,83;2,9263;2,83;2,9077;;
2015-06-09;2,6978;2,8427;2,6977;2,828;;
2015-06-08;2,6351;2,7126;2,6335;2,7121;;
2015-06-05;2,6286;2,6385;2,5824;2,5874;;
2015-06-04;2,6399;2,6734;2,5677;2,6365;;
2015-06-03;2,686;2,7293;2,6266;2,6391;;
2015-06-02;2,6436;2,7083;2,5993;2,7062;;
2015-06-01;2,6239;2,6701;2,6156;2,6463;;
2015-05-29;2,7177;2,7177;2,6272;2,6394;;
2015-05-28;2,8383;2,8445;2,7077;2,7189;;
2015-05-27;2,823;2,8903;2,7976;2,8232;;
2015-05-26;2,8378;2,8481;2,7865;2,8348;;
2015-05-22;2,9552;2,9557;2,8758;2,8857;;
2015-05-21;2,9345;3,0251;2,9235;2,9676;;
2015-05-20;2,9644;3,0126;2,9013;2,9446;;
2015-05-19;3,0091;3,1123;2,9451;2,9556;;
2015-05-18;3,0059;3,0425;2,9815;3,025;;
2015-05-16;3,0117;3,0147;3,01;3,0127;;
2015-05-15;3,0119;3,0335;2,9703;3,0167;;
2015-05-14;2,9441;2,9527;2,8914;2,8972;;
2015-05-13;2,9083;2,9639;2,855;2,9382;;
2015-05-12;2,8045;2,9349;2,786;2,8884;;
2015-05-11;2,9017;2,9058;2,8024;2,8164;;
2015-05-08;2,7228;2,8857;2,7228;2,8663;;
2015-05-07;2,7607;2,8123;2,7131;2,7342;;
2015-05-06;2,7916;2,8231;2,7535;2,7702;;
2015-05-05;2,8131;2,8131;2,7737;2,7888;;
2015-05-04;2,7652;2,829;2,7546;2,8177;;
2015-05-01;2,7298;2,8054;2,7158;2,7735;;
2015-04-30;2,5986;2,7699;2,5538;2,724;;
2015-04-29;2,5239;2,6134;2,5047;2,588;;
2015-04-28;2,4777;2,525;2,4697;2,525;;
2015-04-27;2,4757;2,4928;2,4441;2,486;;
2015-04-24;2,5468;2,5615;2,5131;2,5354;;
2015-04-23;2,5971;2,5971;2,5245;2,5454;;
2015-04-22;2,5774;2,6183;2,5555;2,599;;
2015-04-21;2,5454;2,5978;2,5303;2,5787;;
2015-04-20;2,582;2,5934;2,529;2,5563;;
2015-04-18;2,6436;2,6465;2,6436;2,6455;;
2015-04-17;2,6945;2,6945;2,6192;2,6443;;
2015-04-16;2,5958;2,6869;2,5524;2,6825;;
2015-04-15;2,5224;2,6195;2,4947;2,5943;;
2015-04-14;2,5073;2,555;2,5073;2,5245;;
2015-04-13;2,4974;2,5377;2,4769;2,5152;;
2015-04-11;2,5092;2,5099;2,5082;2,5099;;
2015-04-10;2,5454;2,5522;2,5062;2,5062;;
2015-04-09;2,6182;2,6421;2,5215;2,5323;;
2015-04-08;2,6525;2,6636;2,6162;2,6201;;
2015-04-07;2,6549;2,7057;2,6438;2,6569;;
2015-04-06;2,6891;2,6977;2,6344;2,6538;;
2015-04-03;2,7069;2,7189;2,7069;2,7118;;
2015-04-02;2,6078;2,7169;2,5914;2,7004;;
2015-04-01;2,6457;2,6669;2,5799;2,6025;;
2015-03-31;2,6357;2,6789;2,6241;2,6581;;
2015-03-30;2,6385;2,6732;2,6099;2,6337;;
2015-03-27;2,6593;2,6626;2,5753;2,5957;;
2015-03-26;2,7291;2,7494;2,6438;2,6735;;
2015-03-25;2,7694;2,7869;2,7186;2,7395;;
2015-03-24;2,7402;2,8123;2,7332;2,7821;;
2015-03-23;2,7467;2,7574;2,6897;2,7453;;
2015-03-21;2,7867;2,7882;2,7867;2,7875;;
2015-03-20;2,8371;2,9184;2,7668;2,7878;;
2015-03-19;2,9055;2,9253;2,774;2,8358;;
2015-03-18;2,8484;2,9317;2,7767;2,9019;;
2015-03-17;2,7553;2,856;2,7524;2,8519;;
2015-03-16;2,7093;2,7505;2,6773;2,7366;;
2015-03-14;2,7269;2,7269;2,7145;2,7184;;
2015-03-13;2,7385;2,7582;2,6767;2,7151;;
2015-03-12;2,8182;2,8623;2,7273;2,754;;
2015-03-11;2,7349;2,8403;2,6638;2,83;;
2015-03-10;2,6942;2,7448;2,6846;2,7225;;
2015-03-09;2,7473;2,7613;2,669;2,6927;;
2015-03-06;2,8222;2,8593;2,7825;2,8428;;
2015-03-05;2,7832;3,0879;2,7416;2,824;;
2015-03-04;2,7324;2,7878;2,7191;2,7804;;
2015-03-03;2,6674;2,7256;2,6458;2,714;;
2015-03-02;2,7071;2,754;2,6502;2,6502;;
2015-02-28;2,7075;2,7075;2,7051;2,7051;;
2015-02-27;2,707;2,7402;2,684;2,7163;;
2015-02-26;2,8819;2,884;2,6879;2,7009;;
2015-02-25;2,9088;2,9684;2,854;2,8905;;
2015-02-24;2,8883;2,9727;2,8202;2,9214;;
2015-02-23;3,0068;3,0369;2,8391;2,8673;;
2015-02-20;2,8059;2,9874;2,8059;2,9347;;
2015-02-19;2,8205;2,8821;2,7783;2,8179;;
2015-02-18;2,7776;2,843;2,7304;2,8084;;
2015-02-17;2,8541;2,8691;2,6928;2,7837;;
2015-02-16;2,8248;2,8953;2,809;2,8702;;
2015-02-14;2,8007;2,8007;2,7999;2,7999;;
2015-02-13;2,712;2,8102;2,6618;2,8013;;
2015-02-12;2,8213;2,8877;2,6779;2,7166;;
2015-02-11;2,697;2,8609;2,6839;2,8175;;
2015-02-10;2,6186;2,7481;2,6112;2,6889;;
2015-02-09;2,6495;2,6915;2,5789;2,6185;;
2015-02-07;2,5711;2,5767;2,5711;2,5767;;
2015-02-06;2,6115;2,6296;2,5742;2,5795;;
2015-02-05;2,6738;2,6935;2,5822;2,5907;;
2015-02-04;2,7612;2,7757;2,6478;2,6666;;
2015-02-03;2,7114;2,7841;2,6453;2,7723;;
2015-02-02;2,6775;2,6867;2,6104;2,681;;
2015-01-30;2,7067;2,7115;2,6429;2,6791;;
2015-01-29;2,8625;2,9264;2,6687;2,7328;;
2015-01-28;2,9238;2,9238;2,8262;2,8734;;
2015-01-27;2,9189;3,0023;2,9059;2,9147;;
2015-01-26;2,9289;2,9489;2,8484;2,8943;;
2015-01-23;2,8713;2,9959;2,8579;2,969;;
2015-01-22;3,0096;3,0452;2,7642;2,8587;;
2015-01-21;2,9021;3,0106;2,875;3,0011;;
2015-01-20;2,9832;3,0084;2,8239;2,8935;;
2015-01-19;3,0099;3,0403;2,9867;3,0009;;
2015-01-17;3,0881;3,0881;3,0784;3,0839;;
2015-01-16;3,1562;3,2345;3,0212;3,0876;;
2015-01-15;3,2963;3,3519;3,063;3,1789;;
2015-01-14;2,9419;3,333;2,9329;3,299;;
2015-01-13;2,8158;2,9637;2,7946;2,9539;;
2015-01-12;2,9149;2,9206;2,7822;2,8133;;
2015-01-09;2,9666;2,9964;2,8953;2,9686;;
2015-01-08;2,8838;2,9694;2,8221;2,9593;;
2015-01-07;2,9307;3,0164;2,8295;2,8844;;
2015-01-06;2,9303;2,9589;2,8092;2,9449;;
2015-01-05;3,1017;3,1725;2,8814;2,9241;;
2015-01-02;2,8604;3,0946;2,8527;2,9558;;
2015-01-01;2,9197;2,9197;2,9067;2,9067;;
2014-12-31;3,1017;3,1017;2,8782;2,9133;;
2014-12-30;3,1745;3,1745;3,079;3,0882;;
2014-12-29;3,0374;3,2044;3,0222;3,1622;;
2014-12-26;3,0887;3,0887;2,9746;3,023;;
2014-12-25;3,034;3,0373;3,0276;3,0276;;
2014-12-24;3,17;3,1831;2,9986;3,0305;;
2014-12-23;3,1693;3,2254;3,1038;3,1634;;
2014-12-22;3,3476;3,3547;3,117;3,1678;;
2014-12-19;3,6578;3,6785;3,4514;3,4521;;
2014-12-18;3,6985;3,7912;3,6408;3,6613;;
2014-12-17;3,6562;3,7158;3,616;3,7029;;
2014-12-16;3,7538;3,7882;3,6036;3,6389;;
2014-12-15;3,8965;3,9126;3,7039;3,7341;;
2014-12-13;3,7745;3,7745;3,7616;3,7616;;
2014-12-12;3,6467;3,8342;3,6467;3,7672;;
2014-12-11;3,7065;3,7835;3,6235;3,6446;;
2014-12-10;3,6412;3,7334;3,5976;3,7192;;
2014-12-09;3,6364;3,7025;3,6189;3,6511;;
2014-12-08;3,7482;3,7598;3,5863;3,6122;;
2014-12-06;3,785;3,785;3,7712;3,7712;;
2014-12-05;3,6716;3,8208;3,6716;3,7851;;
2014-12-04;3,7907;3,8022;3,6357;3,6578;;
2014-12-03;3,8572;3,8685;3,7624;3,7876;;
2014-12-02;4,0121;4,0215;3,8466;3,8693;;
2014-12-01;3,9935;4,0363;3,9262;4,029;;
2014-11-29;4,0799;4,0819;4,0799;4,0816;;
2014-11-28;4,2071;4,2679;4,0678;4,0835;;
2014-11-27;4,3526;4,3526;4,2291;4,2291;;
2014-11-26;4,4393;4,5133;4,329;4,329;;
2014-11-25;4,1534;4,3148;4,0972;4,2835;;
2014-11-24;4,0497;4,1567;4,0251;4,1515;;
2014-11-23;4,2397;4,2458;4,226;4,2423;;
2014-11-22;4,2429;4,2429;4,2272;4,2347;;
2014-11-21;4,4535;4,5348;4,2332;4,2464;;
2014-11-20;4,3801;4,5051;4,2493;4,4516;;
2014-11-19;4,2606;4,5102;4,1931;4,4125;;
2014-11-18;4,2775;4,3365;4,1584;4,2612;;
2014-11-17;4,1414;4,35;4,1043;4,2998;;
2014-11-14;3,9841;4,0677;3,9384;4,0677;;
2014-11-13;4,1339;4,1644;3,9634;3,9869;;
2014-11-12;4,2027;4,2274;4,1474;4,1474;;
2014-11-11;4,2937;4,3185;4,1181;4,2182;;
2014-11-10;4,5225;4,5225;4,2566;4,2831;;
2014-11-07;4,414;4,4985;4,283;4,3849;;
2014-11-06;4,2281;4,4529;4,1105;4,419;;
2014-11-05;4,1422;4,3047;4,1244;4,2147;;
2014-11-04;4,0411;4,1844;4,0254;4,1472;;
2014-11-03;4,0376;4,0691;3,9873;4,025;;
2014-11-01;3,8607;3,8758;3,8607;3,8702;;
2014-10-31;3,8434;3,9628;3,8351;3,8752;;
2014-10-30;3,8053;3,8696;3,766;3,8565;;
2014-10-29;3,6528;3,8104;3,6182;3,7964;;
2014-10-28;3,5512;3,6773;3,5421;3,667;;
2014-10-27;3,6075;3,6524;3,5422;3,5768;;
2014-10-24;3,6329;3,6547;3,5675;3,6355;;
2014-10-23;3,6496;3,6866;3,5968;3,6462;;
2014-10-22;3,6805;3,722;3,655;3,655;;
2014-10-21;3,661;3,7239;3,6434;3,7048;;
2014-10-20;3,7236;3,7472;3,6549;3,6596;;
2014-10-17;3,9018;3,9113;3,8224;3,8556;;
2014-10-16;3,9043;3,92;3,845;3,9077;;
2014-10-15;3,9168;3,9436;3,8622;3,8956;;
2014-10-14;3,9082;3,9614;3,819;3,8309;;
2014-10-13;3,8325;3,9314;3,8299;3,922;;
2014-10-10;3,8656;3,8984;3,835;3,8642;;
2014-10-09;3,8765;3,943;3,811;3,8642;;
2014-10-08;3,9205;3,9254;3,8494;3,8761;;
2014-10-07;3,8849;3,9763;3,8632;3,9493;;
2014-10-06;3,9731;3,9818;3,8921;3,9124;;
2014-10-03;3,9876;4,0029;3,9876;3,9953;;
2014-10-02;4,0275;4,0772;3,9046;3,964;;
2014-10-01;4,1297;4,1986;4,0113;4,0431;;
2014-09-30;4,134;4,1809;4,1044;4,1219;;
2014-09-29;4,0327;4,1718;4,0154;4,1317;;
2014-09-26;3,9998;4,0463;3,9731;4,0301;;
2014-09-25;3,9288;4,0195;3,8772;4,0092;;
2014-09-24;3,8784;3,9781;3,8526;3,9518;;
2014-09-23;3,9084;3,9788;3,8656;3,8936;;
2014-09-22;3,904;3,9397;3,8644;3,9126;;
2014-09-19;3,972;3,9756;3,9076;3,9076;;
2014-09-18;4,0665;4,1014;3,9635;3,9769;;
2014-09-17;4,0595;4,1131;4,0282;4,0823;;
2014-09-16;3,9788;4,0645;3,9398;4,0598;;
2014-09-15;3,9226;4,0113;3,9074;4,0113;;
2014-09-12;3,8809;3,9271;3,8387;3,9033;;
2014-09-11;4,0107;4,0236;3,8704;3,8898;;
2014-09-10;4,0106;4,0489;4,0034;4,0034;;
2014-09-09;3,872;4,0297;3,8627;3,9869;;
2014-09-08;3,7992;3,9019;3,7863;3,9019;;
2014-09-05;3,8322;3,8492;3,7889;3,8155;;
2014-09-04;3,863;3,8926;3,7994;3,845;;
2014-09-03;3,901;3,9307;3,8339;3,8555;;
2014-09-02;4,0254;4,0367;3,8902;3,8989;;
2014-09-01;4,0502;4,0759;4,0365;4,0675;;
2014-08-29;4,0487;4,1038;4,0061;4,0953;;
2014-08-28;4,0063;4,0752;3,9766;4,0638;;
2014-08-27;3,9768;4,0331;3,9298;4,0265;;
2014-08-26;3,9771;4,02;3,9381;3,984;;
2014-08-25;3,9185;3,9967;3,8823;3,9946;;
2014-08-22;3,9212;3,9461;3,8665;3,8908;;
2014-08-21;3,8867;3,9904;3,8306;3,9237;;
2014-08-20;3,8977;3,9197;3,8262;3,8816;;
2014-08-19;3,8261;3,9406;3,8119;3,9042;;
2014-08-18;3,7846;3,8776;3,7742;3,8261;;
2014-08-15;3,8843;3,8968;3,8065;3,8199;;
2014-08-14;3,8642;3,9709;3,8401;3,9242;;
2014-08-13;4,0068;4,0068;3,851;3,8526;;
2014-08-12;4,0155;4,0593;3,9859;4,0024;;
2014-08-11;4,006;4,0297;3,9246;4,0007;;
2014-08-08;3,8905;3,979;3,8743;3,9696;;
2014-08-07;3,9583;3,9855;3,8541;3,8755;;
2014-08-06;3,907;3,9534;3,8776;3,9525;;
2014-08-05;3,8512;3,9173;3,8384;3,8886;;
2014-08-04;3,7817;3,8572;3,7817;3,8572;;
2014-08-01;3,8226;3,8737;3,7835;3,8051;;
2014-07-31;3,7986;3,8982;3,7568;3,8308;;
2014-07-30;3,8279;3,8345;3,7559;3,7779;;
2014-07-29;3,7665;3,8468;3,7344;3,8282;;
2014-07-28;3,7872;3,859;3,7368;3,7669;;
2014-07-25;3,8479;3,8754;3,773;3,8021;;
2014-07-24;3,7883;3,894;3,7686;3,8452;;
2014-07-23;3,7789;3,8339;3,7719;3,7923;;
2014-07-22;3,8539;3,8859;3,7759;3,7759;;
2014-07-21;3,8916;3,9031;3,8566;3,8814;;
2014-07-18;3,9795;3,982;3,9475;3,953;;
2014-07-17;4,1094;4,1094;3,9435;3,9733;;
2014-07-16;4,096;4,1555;4,0879;4,1088;;
2014-07-15;4,1395;4,1657;4,0829;4,0911;;
2014-07-14;4,1184;4,173;4,0999;4,1637;;
2014-07-11;4,138;4,1769;4,1024;4,1508;;
2014-07-10;4,1673;4,1922;4,1163;4,1163;;
2014-07-09;4,205;4,2336;4,1721;4,1721;;
2014-07-08;4,2297;4,2431;4,1233;4,214;;
2014-07-07;4,3336;4,3517;4,2139;4,2268;;
2014-07-04;4,3919;4,393;4,3385;4,3892;;
2014-07-03;4,3661;4,4092;4,3434;4,3915;;
2014-07-02;4,4498;4,4654;4,3346;4,3688;;
2014-07-01;4,4443;4,4998;4,4168;4,4461;;
2014-06-30;4,4061;4,5116;4,3897;4,4444;;
2014-06-27;4,465;4,4772;4,3736;4,4335;;
2014-06-26;4,5894;4,6273;4,4146;4,463;;
2014-06-25;4,5504;4,6211;4,5362;4,5842;;
2014-06-24;4,4783;4,5958;4,4646;4,5376;;
2014-06-23;4,569;4,5814;4,4671;4,4679;;
2014-06-20;4,6024;4,6398;4,5439;4,5728;;
2014-06-19;4,6734;4,7271;4,5886;4,5967;;
2014-06-18;4,7387;4,796;4,6681;4,6834;;
2014-06-17;4,7357;4,7669;4,6889;4,7131;;
2014-06-16;4,803;4,81;4,6804;4,7221;;
2014-06-13;4,762;4,7911;4,7315;4,7651;;
2014-06-12;4,533;4,7774;4,5119;4,7477;;
2014-06-11;4,5391;4,5759;4,5071;4,5311;;
2014-06-10;4,6291;4,642;4,5163;4,5192;;
2014-06-09;4,7318;4,7574;4,6347;4,6347;;
2014-06-06;4,7225;4,7506;4,6827;4,7187;;
2014-06-05;4,6644;4,7333;4,5998;4,7145;;
2014-06-04;4,6251;4,6637;4,5801;4,6573;;
2014-06-03;4,6085;4,659;4,5895;4,6131;;
2014-06-02;4,5787;4,6194;4,5314;4,6183;;
2014-05-30;4,5701;4,6069;4,487;4,5502;;
2014-05-29;4,6241;4,6509;4,5438;4,5932;;
2014-05-28;4,5103;4,6242;4,4999;4,612;;
2014-05-27;4,4015;4,5305;4,3729;4,5065;;
2014-05-26;4,4014;4,4066;4,3886;4,3886;;
2014-05-23;4,3748;4,4196;4,3711;4,4025;;
2014-05-22;4,4842;4,5236;4,3647;4,3948;;
2014-05-21;4,5486;4,5882;4,469;4,5018;;
2014-05-20;4,4881;4,5683;4,4342;4,5557;;
2014-05-19;4,4246;4,533;4,4124;4,483;;
2014-05-16;4,464;4,4757;4,4267;4,4367;;
2014-05-15;4,3711;4,5335;4,3428;4,466;;
2014-05-14;4,3731;4,4189;4,3452;4,3823;;
2014-05-13;4,4049;4,4848;4,359;4,3942;;
2014-05-12;4,5216;4,5216;4,3935;4,4172;;
2014-05-09;4,5801;4,5964;4,5023;4,5264;;
2014-05-08;4,7351;4,7664;4,572;4,5911;;
2014-05-07;4,7976;4,8238;4,7008;4,7492;;
2014-05-06;4,7245;4,8108;4,7119;4,7969;;
2014-05-05;4,7074;4,7318;4,6463;4,7152;;
2014-05-02;4,7147;4,7713;4,6658;4,6889;;
2014-05-01;4,8195;4,8328;4,7258;4,7454;;
2014-04-30;4,8441;4,8697;4,7493;4,8066;;
2014-04-29;4,7825;4,8483;4,7673;4,8446;;
2014-04-28;4,6766;4,8098;4,6609;4,7593;;
2014-04-25;4,7245;4,7433;4,6528;4,658;;
2014-04-24;4,8186;4,8239;4,6815;4,7187;;
2014-04-23;4,7592;4,8147;4,7466;4,7508;;
2014-04-22;4,7209;4,7862;4,6998;4,7862;;
2014-04-17;4,5632;4,7672;4,5071;4,7502;;
2014-04-16;4,5827;4,6295;4,541;4,5612;;
2014-04-15;4,5718;4,6479;4,5332;4,5815;;
2014-04-14;4,6589;4,6604;4,563;4,6094;;
2014-04-11;4,6852;4,7117;4,6175;4,639;;
2014-04-10;4,5954;4,7104;4,5358;4,6502;;
2014-04-09;4,55;4,594;4,5082;4,5545;;
2014-04-08;4,4853;4,5651;4,4719;4,5429;;
2014-04-07;4,4664;4,5306;4,4554;4,4674;;
2014-04-04;4,4474;4,4896;4,4072;4,4307;;
2014-04-03;4,3587;4,5008;4,3057;4,4396;;
2014-04-02;4,2625;4,3936;4,2239;4,377;;
2014-04-01;4,3738;4,3939;4,2629;4,2629;;
2014-03-31;4,469;4,5042;4,3481;4,3738;;
2014-03-28;4,5655;4,5753;4,4845;4,4997;;
2014-03-27;4,401;4,5697;4,3656;4,518;;
2014-03-26;4,4052;4,4333;4,3525;4,4105;;
2014-03-25;4,2916;4,4348;4,2855;4,4103;;
2014-03-24;4,3409;4,3478;4,2604;4,2992;;
2014-03-21;4,3138;4,3746;4,2835;4,3077;;
2014-03-20;4,4404;4,4404;4,3422;4,3572;;
2014-03-19;4,434;4,4806;4,4041;4,4428;;
2014-03-18;4,4965;4,5069;4,4103;4,4184;;
2014-03-17;4,4875;4,5428;4,4641;4,487;;
2014-03-14;4,3552;4,4194;4,3142;4,4061;;
2014-03-13;4,4438;4,4497;4,3352;4,3448;;
2014-03-12;4,6191;4,6512;4,4498;4,5014;;
2014-03-11;4,6616;4,6984;4,5673;4,5869;;
2014-03-10;4,5883;4,7319;4,5655;4,6547;;
2014-03-07;4,6536;4,6901;4,5753;4,634;;
2014-03-06;4,5719;4,7031;4,5139;4,6478;;
2014-03-05;4,7024;4,7391;4,5118;4,5655;;
2014-03-04;4,5455;4,6876;4,5005;4,6655;;
2014-03-03;4,7014;4,7375;4,4643;4,5295;;
2014-02-28;4,4735;4,6739;4,4659;4,6219;;
2014-02-27;4,5171;4,5632;4,44;4,476;;
2014-02-26;4,6667;4,6676;4,4923;4,5262;;
2014-02-25;4,6546;4,7913;4,5385;4,6674;;
2014-02-24;5,1424;5,2156;4,6048;4,7044;;
2014-02-21;4,9068;5,048;4,8158;5,0433;;
2014-02-20;4,872;4,9623;4,7987;4,8314;;
2014-02-19;4,7924;4,9738;4,7633;4,8658;;
2014-02-18;4,7642;4,7777;4,697;4,7526;;
2014-02-17;4,6728;4,7483;4,6508;4,7415;;
2014-02-14;4,6618;4,6982;4,531;4,5891;;
2014-02-13;4,5831;4,6673;4,5608;4,6356;;
2014-02-12;4,6382;4,6824;4,5306;4,5672;;
2014-02-11;4,6236;4,6454;4,4118;4,6079;;
2014-02-10;4,7171;4,7919;4,57;4,6036;;
2014-02-07;4,9619;4,9977;4,7568;4,7828;;
2014-02-06;5,2483;5,3957;4,8987;5,0277;;
2014-02-05;5,2757;5,729;4,9862;5,1751;;
2014-02-04;5,0606;5,3989;4,9913;5,2838;;
2014-02-03;4,8345;5,0012;4,766;4,9882;;
2014-01-31;4,8989;5,0113;4,7236;4,8934;;
2014-01-30;5,3529;5,3941;4,8934;4,9235;;
2014-01-29;4,8738;5,4981;4,8648;5,4676;;
2014-01-28;4,7607;4,9652;4,7405;4,8898;;
2014-01-27;5,1888;5,2057;4,662;4,7284;;
2014-01-24;4,7078;5,0423;4,6962;4,986;;
2014-01-23;4,6099;4,746;4,5013;4,6588;;
2014-01-22;4,3944;4,5918;4,3562;4,5481;;
2014-01-21;4,2758;4,3944;4,2419;4,385;;
2014-01-20;4,211;4,2581;4,1934;4,2191;;
2014-01-17;4,2991;4,3317;4,22;4,2387;;
2014-01-16;4,2985;4,4448;4,2985;4,3233;;
2014-01-15;4,29;4,3902;4,2696;4,2945;;
2014-01-14;4,2613;4,3438;4,2436;4,3093;;
2014-01-13;4,0974;4,2635;4,0882;4,2435;;
2014-01-10;3,9826;4,0769;3,9427;4,043;;
2014-01-09;4,201;4,2068;4,0062;4,0249;;
2014-01-08;4,3487;4,3726;4,1822;4,2051;;
2014-01-07;4,3446;4,4357;4,2695;4,3338;;
2014-01-06;4,3593;4,3896;4,2772;4,3103;;
2014-01-03;4,2985;4,402;4,1995;4,3392;;
2014-01-02;4,2408;4,3419;4,2373;4,3048;;
2013-12-31;4,435;4,435;4,4199;4,428;;
2013-12-30;4,4536;4,4894;4,4045;4,4418;;
2013-12-27;4,4383;4,4562;4,3426;4,3522;;
2013-12-24;4,5521;4,5521;4,4873;4,5072;;
2013-12-23;4,5829;4,5864;4,5097;4,5222;;
2013-12-20;4,4803;4,529;4,4502;4,4849;;
2013-12-19;4,2949;4,516;4,2949;4,4942;;
2013-12-18;4,3276;4,3675;4,2663;4,3103;;
2013-12-17;4,3043;4,3497;4,2214;4,317;;
2013-12-16;4,2957;4,3333;4,2186;4,2813;;
2013-12-13;4,3919;4,4509;4,3412;4,3893;;
2013-12-12;4,3542;4,4328;4,2977;4,3659;;
2013-12-11;4,2499;4,3557;4,1707;4,3464;;
2013-12-10;4,2574;4,2986;4,2038;4,2553;;
2013-12-09;4,1691;4,2538;4,1607;4,245;;
2013-12-06;4,1313;4,2171;4,105;4,1361;;
2013-12-05;3,9858;4,1624;3,9539;4,1498;;
2013-12-04;3,9995;4,015;3,9631;3,9802;;
2013-12-03;4,001;4,022;3,9507;3,9936;;
2013-12-02;3,939;4,0102;3,9111;3,9904;;
2013-11-29;3,932;3,9781;3,8832;3,9657;;
2013-11-28;3,9142;3,9574;3,8824;3,9324;;
2013-11-27;3,865;3,9338;3,8354;3,9209;;
2013-11-26;3,8718;3,8948;3,798;3,8753;;
2013-11-25;3,886;3,8904;3,7961;3,8493;;
2013-11-22;3,7588;3,8446;3,7241;3,8286;;
2013-11-21;3,7106;3,7851;3,7106;3,7417;;
2013-11-20;3,6167;3,7347;3,6167;3,7213;;
2013-11-19;3,6805;3,7076;3,5973;3,6108;;
2013-11-18;3,7459;3,7561;3,6656;3,6793;;
2013-11-15;3,6687;3,7287;3,626;3,7087;;
2013-11-14;3,6152;3,6854;3,54;3,6792;;
2013-11-13;3,7029;3,7151;3,5996;3,5996;;
2013-11-12;3,6222;3,7066;3,6127;3,6973;;
2013-11-11;3,5765;3,6021;3,5366;3,581;;
2013-11-08;3,5428;3,5991;3,5117;3,5504;;
2013-11-07;3,495;3,6228;3,4909;3,5311;;
2013-11-06;3,4763;3,5528;3,4609;3,5152;;
2013-11-05;3,4427;3,4955;3,3808;3,4955;;
2013-11-04;3,4405;3,4678;3,4142;3,4531;;
2013-11-01;3,5658;3,5766;3,5084;3,5276;;
2013-10-31;3,6429;3,6728;3,565;3,5868;;
2013-10-30;3,6403;3,6773;3,6133;3,6384;;
2013-10-29;3,6583;3,6965;3,6206;3,6541;;
2013-10-28;3,7502;3,7599;3,6512;3,6673;;
2013-10-25;3,7375;3,8471;3,7116;3,8395;;
2013-10-24;3,7448;3,7752;3,6726;3,7595;;
2013-10-23;3,7138;3,7624;3,7016;3,7392;;
2013-10-22;3,788;3,8087;3,7072;3,7258;;
2013-10-21;3,9477;3,9477;3,7811;3,8055;;
2013-10-18;3,9077;3,9175;3,8265;3,9073;;
2013-10-17;3,9334;3,9368;3,8636;3,9013;;
2013-10-16;3,9538;4,0081;3,896;3,9156;;
2013-10-15;3,9898;4,0025;3,9281;3,9565;;
2013-10-14;3,8462;3,8462;3,7587;3,8353;;
2013-10-11;3,7596;3,7948;3,7381;3,7948;;
2013-10-10;3,7035;3,7912;3,6962;3,7507;;
2013-10-09;3,7172;3,7396;3,672;3,7037;;
2013-10-08;3,6473;3,7482;3,6275;3,7309;;
2013-10-07;3,5491;3,6629;3,5266;3,6492;;
2013-10-04;3,5199;3,5362;3,4777;3,5139;;
2013-10-03;3,5571;3,5764;3,4904;3,5098;;
2013-10-02;3,623;3,658;3,5367;3,5367;;
2013-10-01;3,5482;3,6688;3,5315;3,6168;;
2013-09-30;3,5607;3,5827;3,5073;3,5633;;
2013-09-27;3,5844;3,6116;3,5214;3,5864;;
2013-09-26;3,5625;3,5908;3,4641;3,5831;;
2013-09-25;3,5829;3,6101;3,5401;3,5585;;
2013-09-24;3,6709;3,7111;3,5545;3,5609;;
2013-09-23;3,7594;3,7594;3,6772;3,6772;;
2013-09-20;3,7845;3,7971;2,9943;3,7738;;
2013-09-19;3,8094;3,8952;3,7567;3,7949;;
2013-09-18;3,8301;3,8405;3,7577;3,8035;;
2013-09-17;3,844;3,8525;3,7972;3,8046;;
2013-09-16;3,7572;3,8368;3,7065;3,8277;;
2013-09-13;3,7195;3,7596;3,6734;3,7475;;
2013-09-12;3,6273;3,7423;3,6222;3,7204;;
2013-09-11;3,5903;3,6186;3,524;3,5598;;
2013-09-10;3,6238;3,6238;3,5437;3,581;;
2013-09-09;3,5439;3,6089;3,5412;3,6088;;
2013-09-06;3,5608;3,5942;3,5217;3,5291;;
2013-09-05;3,6726;3,7175;3,57;3,57;;
2013-09-04;3,6822;3,6932;3,6339;3,68;;
2013-09-02;3,6408;3,6914;3,633;3,6825;;
2013-08-30;3,6322;3,647;3,5614;3,5944;;
2013-08-29;3,5901;3,639;3,5147;3,6268;;
2013-08-28;3,6219;3,6219;3,524;3,574;;
2013-08-27;3,5362;3,5821;3,4767;3,5821;;
2013-08-26;3,5614;3,5776;3,5219;3,5334;;
2013-08-23;3,5717;3,5722;3,5115;3,5115;;
2013-08-22;3,4944;3,594;3,4944;3,5723;;
2013-08-21;3,4521;3,5243;3,4521;3,4959;;
2013-08-20;3,4873;3,5104;3,4571;3,4617;;
2013-08-19;3,4621;3,5186;3,4505;3,4763;;
2013-08-16;3,4445;3,4551;3,3835;3,3937;;
2013-08-15;3,3601;3,444;3,3249;3,444;;
2013-08-14;3,3154;3,3984;3,3046;3,3678;;
2013-08-13;3,3369;3,3369;3,271;3,3129;;
2013-08-12;3,2601;3,3641;3,2442;3,3057;;
2013-08-09;3,3261;3,3316;3,2208;3,2294;;
2013-08-08;3,2368;3,3261;3,1704;3,3241;;
2013-08-07;3,3033;3,3215;3,2429;3,2535;;
2013-08-06;3,3199;3,3535;3,3085;3,3085;;
2013-08-05;3,3255;3,3592;3,3088;3,3407;;
2013-08-02;3,3545;3,4105;3,3384;3,3509;;
2013-08-01;3,4296;3,4553;3,3474;3,3948;;
2013-07-31;3,4439;3,4742;3,4248;3,4348;;
2013-07-30;3,467;3,4832;3,4199;3,4476;;
2013-07-29;3,505;3,505;3,4312;3,4943;;
2013-07-26;3,6388;3,6458;3,5453;3,5813;;
2013-07-25;3,7193;3,744;3,6477;3,6551;;
2013-07-24;3,7462;3,7788;3,7043;3,7055;;
2013-07-23;3,694;3,7509;3,6638;3,7433;;
2013-07-22;3,7228;3,7357;3,6344;3,6811;;
2013-07-19;3,7948;3,8147;3,7557;3,7838;;
2013-07-18;3,6372;3,8252;3,6233;3,8068;;
2013-07-17;3,6743;3,6743;3,6159;3,6241;;
2013-07-16;3,6491;3,7186;3,6073;3,6678;;
2013-07-15;3,669;3,6715;3,546;3,661;;
2013-07-12;3,6184;3,6945;3,6126;3,6547;;
2013-07-11;3,6695;3,7039;3,5713;3,6111;;
2013-07-10;3,6395;3,7832;3,6241;3,6702;;
2013-07-09;3,7439;3,7455;3,6345;3,672;;
2013-07-08;3,6344;3,7622;3,6224;3,7189;;
2013-07-05;3,6676;3,681;3,5792;3,6191;;
2013-07-04;3,6514;3,677;3,6203;3,656;;
2013-07-03;3,6436;3,6995;3,5786;3,69;;
2013-07-02;3,5795;3,6621;3,5769;3,6478;;
2013-07-01;3,6065;3,6065;3,538;3,5748;;
2013-06-28;3,5783;3,6191;3,5381;3,5751;;
2013-06-27;3,7433;3,7433;3,5528;3,5818;;
2013-06-26;3,6832;3,7484;3,6757;3,7351;;
2013-06-25;3,758;3,7701;2,9952;3,6791;;
2013-06-24;3,7824;3,8365;3,7525;3,7647;;
2013-06-21;3,9135;3,9306;3,7832;3,8082;;
2013-06-20;3,9684;3,9776;3,882;3,9046;;
2013-06-19;3,9489;3,999;3,928;3,9788;;
2013-06-18;3,9066;3,9706;3,8917;3,9307;;
2013-06-17;3,7779;3,9171;3,7779;3,9088;;
2013-06-14;3,8266;3,8545;3,7572;3,7572;;
2013-06-13;3,7698;3,8712;3,732;3,8509;;
2013-06-12;3,7246;3,7854;3,7098;3,7786;;
2013-06-11;3,7798;3,7991;3,7165;3,7356;;
2013-06-10;3,8311;3,8657;3,7887;3,8034;;
2013-06-07;3,8187;3,8735;3,8145;3,8321;;
2013-06-06;3,9927;4,0078;3,8246;3,8486;;
2013-06-05;4,0042;4,0325;3,9802;4,0017;;
2013-06-04;3,9854;4,036;3,9672;3,9886;;
2013-06-03;3,9536;4,0369;3,9528;4,0003;;
2013-05-31;4,0075;4,0588;3,9851;3,9851;;
2013-05-30;4,1803;4,1803;4,0141;4,0204;;
2013-05-29;4,2204;4,2242;4,1263;4,1656;;
2013-05-28;4,3283;4,3283;4,1857;4,2217;;
2013-05-27;4,2577;4,3593;4,2577;4,3514;;
2013-05-24;4,3226;4,3444;4,2694;4,2863;;
2013-05-23;4,2705;4,3116;4,211;4,2965;;
2013-05-22;4,2573;4,2795;4,2078;4,2198;;
2013-05-21;4,1577;4,2593;4,1322;4,2418;;
2013-05-20;4,1716;4,1977;4,1171;4,1482;;
2013-05-17;4,0004;4,1279;3,9738;4,0955;;
2013-05-16;4,1372;4,1431;3,9592;3,9813;;
2013-05-15;4,058;4,1174;4,0517;4,116;;
2013-05-14;3,9365;4,0209;3,9273;4,0132;;
2013-05-13;3,8914;3,9825;3,8821;3,9349;;
2013-05-10;3,9491;4,0028;3,9046;3,9118;;
2013-05-09;3,9294;4,0217;3,8982;3,9805;;
2013-05-08;3,8995;3,9905;3,8873;3,9873;;
2013-05-07;3,986;3,9861;3,9104;3,9245;;
2013-05-06;4,0092;4,0617;3,9751;4,0219;;
2013-05-03;4,0295;4,0653;3,9777;4,0653;;
2013-05-02;4,3225;4,3623;4,015;4,0504;;
2013-05-01;4,3692;4,376;4,3646;4,376;;
2013-04-30;4,3722;4,3892;4,3327;4,3477;;
2013-04-29;4,231;4,3843;4,2232;4,3779;;
2013-04-26;4,1458;4,255;4,0768;4,253;;
2013-04-25;4,207;4,2661;4,1405;4,1873;;
2013-04-24;4,2053;4,2999;4,1695;4,2113;;
2013-04-23;4,2731;4,3557;4,2288;4,2694;;
2013-04-22;4,3616;4,3791;4,2606;4,3035;;
2013-04-19;4,4086;4,4531;4,3662;4,4467;;
2013-04-18;4,2139;4,4588;4,181;4,4542;;
2013-04-17;4,2178;4,2634;4,1541;4,2313;;
2013-04-16;4,1812;4,2263;4,0898;4,2108;;
2013-04-15;4,3229;4,3256;4,1393;4,1787;;
2013-04-12;4,1883;4,2968;4,148;4,2899;;
2013-04-11;4,1249;4,1749;4,055;4,1515;;
2013-04-10;4,0315;4,1507;4,023;4,0846;;
2013-04-09;4,0918;4,1088;4,009;4,0242;;
2013-04-08;4,1476;4,1885;4,0528;4,0779;;
2013-04-05;3,9434;4,1328;3,9323;4,1203;;
2013-04-04;3,9074;3,9571;3,8703;3,9326;;
2013-04-03;3,9825;3,9874;3,9055;3,9136;;
2013-04-02;4,0139;4,0401;3,936;3,9623;;
2013-03-28;4,0988;4,1115;3,9826;4,0202;;
2013-03-27;4,012;4,0981;3,9822;4,0823;;
2013-03-26;3,9316;4,0134;3,8972;4,0134;;
2013-03-25;3,9617;4,0094;3,8935;3,8935;;
2013-03-22;3,9659;4,0378;3,9425;3,9597;;
2013-03-21;3,9602;4,0414;3,9316;3,9507;;
2013-03-20;3,9785;3,9949;3,9193;3,9601;;
2013-03-19;3,9149;3,9944;3,8904;3,9787;;
2013-03-18;3,9504;4,0047;3,8851;3,916;;
2013-03-15;3,8863;3,9625;3,8697;3,8931;;
2013-03-14;3,7326;3,8716;3,729;3,8511;;
2013-03-13;3,6989;3,7362;3,6641;3,7189;;
2013-03-12;3,6678;3,6862;3,6205;3,6294;;
2013-03-11;3,6381;3,6484;3,5893;3,6484;;
2013-03-08;3,6002;3,6389;3,5701;3,6319;;
2013-03-07;3,5013;3,5964;3,456;3,5905;;
2013-03-06;3,5458;3,5579;3,4521;3,485;;
2013-03-05;3,5497;3,594;3,5184;3,5281;;
2013-03-04;3,4271;3,5479;3,4159;3,5386;;
2013-03-01;3,4931;3,5061;3,4482;3,4581;;
2013-02-28;3,4584;3,5086;3,4049;3,484;;
2013-02-27;3,4587;3,5501;3,414;3,414;;
2013-02-26;3,489;3,5216;3,433;3,4423;;
2013-02-25;3,4024;3,4871;3,4024;3,4797;;
2013-02-22;3,2867;3,3416;3,2823;3,3383;;
2013-02-21;3,3212;3,3528;3,2745;3,2975;;
2013-02-20;3,3388;3,3633;3,32;3,32;;
2013-02-19;3,238;3,3431;3,2322;3,3328;;
2013-02-18;3,2278;3,2389;3,2083;3,2389;;
2013-02-15;3,2296;3,2616;3,1899;3,2306;;
2013-02-14;3,3515;3,3696;3,206;3,2368;;
2013-02-13;3,3069;3,3897;3,3005;3,3565;;
2013-02-12;3,3506;3,3768;3,293;3,3088;;
2013-02-11;3,3253;3,3588;3,2729;3,3448;;
2013-02-08;3,3319;3,3827;3,3244;3,3372;;
2013-02-07;3,4478;3,4949;3,295;3,3533;;
2013-02-06;3,4098;3,4514;3,4051;3,4423;;
2013-02-05;3,327;3,4284;3,327;3,4101;;
2013-02-04;3,3166;3,3604;3,2556;3,3145;;
2013-02-01;3,3192;3,3974;3,2732;3,2908;;
2013-01-31;3,3399;3,3953;3,2407;3,3419;;
2013-01-30;3,2911;3,3405;3,2679;3,335;;
2013-01-29;3,2723;3,3031;3,2169;3,2624;;
2013-01-28;3,386;3,3987;3,2735;3,2979;;
2013-01-25;3,4898;3,4898;3,4242;3,4743;;
2013-01-24;3,5749;3,5839;3,4444;3,4774;;
2013-01-23;3,5824;3,5832;3,5097;3,5521;;
2013-01-22;3,6325;3,6375;3,5108;3,556;;
2013-01-21;3,5944;3,6455;3,5637;3,6326;;
2013-01-18;3,5036;3,5729;3,4844;3,5729;;
2013-01-17;3,4058;3,5316;3,3829;3,483;;
2013-01-16;3,4228;3,4459;3,3723;3,4397;;
2013-01-15;3,375;3,459;3,3257;3,4433;;
2013-01-14;3,3663;3,4197;3,3486;3,3816;;
2013-01-11;3,2062;3,3476;3,2002;3,3334;;
2013-01-10;3,1376;3,213;3,1206;3,1969;;
2013-01-09;3,1907;3,1923;3,083;3,1209;;
2013-01-08;3,2562;3,2623;3,1994;3,2357;;
2013-01-07;3,3148;3,3575;3,233;3,2693;;
2013-01-04;3,2087;3,298;3,1916;3,2851;;
2013-01-03;3,206;3,226;3,1618;3,1842;;
2013-01-02;3,326;3,3497;3,1834;3,2387;;





